gene	orthogroup	orthogroup_support	reference_ortholog	reference_support
Acagra_model.g13434.t1	OG0	1.0		
Hhon_g02801.t1	OG0	1.0		
Emue_Em0004g243a.t1	OG0	1.0		
Aaur_scaffold63.g33.t1	OG0	1.0		
Dpul_mRNA6501	OG0	1.0		
Exapal_XM_021039447.2	OG0	1.0		
Aque_Aqu2.1.42066_001	OG0	1.0		
Tetwil_g12518.t2	OG0	1.0		
Rhoesc_Res_005372-T1	OG0	1.0		
TrH2_TrispH2_004813-RA	OG0	1.0		
Sanmal_Sma_006149-T1	OG0	1.0		
Morvir_scaffold27.g105.t1	OG0	1.0		
Gasp_gasp1.m3.23474.m1	OG0	1.0		
Hsap_ENST00000313578	OG0	1.0		
Xesp_010016-T1	OG0	1.0		
Tadh_TriadT54083	OG0	1.0		
Plespi_Pspi_scaffold6564_01	OG0	1.0		
HoiH06_mRNA6590	OG0	1.0		
Nemnom_g16670.t1	OG0	1.0		
Cscu_XM_023367289.1	OG0	1.0		
Spis_XP_022787457_1	OG0	1.0		
Hsap_ENST00000407834	OG0	1.0		
Adig_XM_015895537.1	OG0	1.0		
Fspp_ffun1.m4.23440.m1	OG0	1.0		
Hvul_g29617_1	OG0	1.0		
Pocdam_XM_027199985.1	OG0	1.0		
Hsap_ENST00000429564	OG0	1.0		
Bralan_BLAG10000507_1	OG0	1.0		
Halamb_c33773_g1_i1m.7811	OG0	1.0		
Amil_Amillepora12586-RA	OG0	1.0		
Tcas_TC006172_001	OG0	1.0		
HoiH04_mRNA13325	OG0	1.0		
Nvec_v1g213742	OG0	1.0		
Chem_TCONS_00031810	OG0	1.0		
HoiH23_PlH23_008176-RA	OG0	1.0		
Gfas_gfas1.m1.15560.m1	OG0	1.0		
Acagra_model.g22385.t1	OG0	1.0		
Ctel_gnl_WGS_AMQN_CAPTEDRAFT_mRNA65598	OG0	1.0		
Spur_XM_030989074.1	OG0	1.0		
Cgig_XM_011444977.3	OG0	1.0		
Cgig_XM_020068334.2	OG0	1.0		
Cgig_XM_011444975.3	OG0	1.0		
Spur_XM_003725022.3	OG0	1.0		
Skow_XM_002739256.2	OG0	1.0		
Skow_XM_002741839.2	OG0	1.0		
