gene	orthogroup	orthogroup_support	reference_ortholog	reference_support
Tadh_TriadT52738	OG0	49.0		
Plajan_Pjan_scaffold13704_01	OG0	49.0		
Plajan_Pjan_C552843_01	OG0	49.0		
Clacor_Ccor_scaffold13234_01	OG0	49.0		
Pbac_sb2640200	OG0	49.0		
Leuniv_Lniv_C777248_01	OG0	49.0		
Scil_scict007528.1	OG0	49.0		
Gracom_Gcom_scaffold13437_01	OG0	49.0		
Scil_scict017779.2	OG0	49.0		
Lcom_lcpid102798	OG0	49.0		
TrH2_TrispH2_007390-RA	OG0	49.0		
Hhon_g09851.t1	OG0	49.0		
HoiH23_PlH23_006698-RA	OG0	49.0		
HoiH11_mRNA2484	OG0	49.0		
HoiH06_mRNA13797	OG0	49.0		
Hsap_ENST00000265981	OG1	49.0		
Amil_Amillepora13449-RA	OG1	49.0		
Bralan_BLAG03000904_1	OG1	49.0		
Exapal_XM_021043908.2	OG1	49.0		
Rhoesc_Res_017289-T1	OG1	49.0		
Ctel_gnl_WGS_AMQN_CAPTEDRAFT_mRNA150747	OG1	49.0		
Nemnom_g12526.t1	OG1	49.0		
Chem_TCONS_00028607	OG1	49.0		
Cscu_XM_023354910.1	OG1	49.0		
Nvec_v1g238555	OG1	49.0		
Skow_XM_006812568.1	OG1	49.0		
Xesp_015800-T1	OG1	49.0		
Fspp_ffun1.m4.8582.m1	OG1	49.0		
Nemnom_g2288.t1	OG1	49.0		
Tcas_TC007929_001	OG1	49.0		
Sanmal_Sma_024044-T1	OG1	49.0		
Acagra_model.g1397.t1	OG1	49.0		
Gasp_gasp1.m3.19456.m1	OG1	49.0		
Pocdam_XM_027186489.1	OG1	49.0		
Cscu_XM_023386344.1	OG1	49.0		
Morvir_scaffold335.g21.t1	OG1	49.0		
Lcom_lcpid178825	OG1	49.0		
Cgig_XM_011458088.3	OG1	49.0		
Spis_XP_022780063_1	OG1	49.0		
Gfas_gfas1.m1.13195.m1	OG1	49.0		
Dgig_XM_028542141.1	OG1	49.0		
Aaur_scaffold190.g3.t1	OG1	49.0		
