gene	orthogroup	orthogroup_support	reference_ortholog	reference_support
Lcom_lcpid88510	OG0	100.0		
Gracom_Gcom_C537766_01	OG0	100.0		
Scil_scict024261.1	OG0	100.0		
Xesp_004129-T1	OG1	100.0		
Pbac_sb2666116	OG1	100.0		
Spis_XP_022802316_1	OG1	100.0		
Gfas_gfas1.m1.5727.m1	OG1	100.0		
Lampan_Lpan_8779_01	OG1	100.0		
Beraby_Baby_sb343166	OG1	100.0		
Vmul_sbMO399875	OG1	100.0		
Lcom_lcpid222490	OG1	100.0		
Rhoesc_Res_013331-T1	OG1	100.0		
Emue_Em0001g2525a.t1	OG1	100.0		
Vmul_Simscaffold12903_01	OG1	100.0		
Morvir_scaffold240.g13.t1	OG1	100.0		
Adig_XM_015906362.1	OG1	100.0		
Sanmal_Sma_009115-T1	OG1	100.0		
Cgig_XM_011430289.3	OG1	100.0		
Coeast_Cast_sb779670	OG1	100.0		
Coemet_Cmet_scaffold8695_01	OG1	100.0		
Gasp_gasp1.m3.16463.m1	OG1	100.0		
Mlei_ML0433.g9.i1	OG1	100.0		
Nemnom_g9571.t1	OG1	100.0		
Amil_Amillepora16978-RA	OG1	100.0		
Nvec_v1g220536	OG1	100.0		
Opea_EP00118_Oscarella_pearsei_P027258	OG1	100.0		
Skow_XM_002739345.2	OG1	100.0		
Nemnom_g18121.t1	OG1	100.0		
Spur_XM_030972220.1	OG1	100.0		
Pocdam_XM_027197293.1	OG1	100.0		
Spur_XM_792142.5	OG1	100.0		
Exapal_XM_021041610.2	OG1	100.0		
Aque_Aqu2.1.37409_001	OG1	100.0		
Horcal_Hcv1.av93.c8.g110.i1	OG1	100.0		
Spolac_c80461_g1_i1_m.2643c80461-g1NA	OG1	100.0		
Aaur_scaffold136.g29.t1	OG1	100.0		
Bralan_BLAG05000032_1	OG1	100.0		
Cgig_XM_011430294.3	OG1	100.0		
Ctel_gnl_WGS_AMQN_CAPTEDRAFT_mRNA228779	OG1	100.0		
Beraby_Baby_sb343163	OG1	100.0		
Acagra_model.g7566.t1	OG1	100.0		
Xestes_maker-XT_scaffold335-augustus-gene-0.15-mRNA-1	OG1	100.0		
Nvec_v1g214812	OG1	100.0		
Tetwil_g24713.t1	OG1	100.0		
Dgig_XM_028555064.1	OG1	100.0		
