gene	orthogroup	orthogroup_support	reference_ortholog	reference_support
Plajan_Pjan_C547223_01	OG0	100.0		
Scil_scict003626.2	OG0	100.0		
Skow_XM_002739991.2	OG0	100.0		
Bralan_BLAG03001008_1	OG0	100.0		
Leuniv_Lniv_scaffold23064_01	OG0	100.0		
Spur_XM_011683553.2	OG0	100.0		
Clacor_Ccor_scaffold8185_01	OG0	100.0		
Gracom_Gcom_C548520_01	OG0	100.0		
Ocar_g1996	OG0	100.0		
Opea_EP00118_Oscarella_pearsei_P026218	OG0	100.0		
Spolac_c93055_g1_i1_m.8440c93055-g1	OG1	100.0		
Morvir_scaffold38.g54.t1	OG1	100.0		
Sanmal_Sma_013878-T1	OG1	100.0		
Skow_XM_002736633.2	OG1	100.0		
Xesp_002132-T1	OG1	100.0		
Opea_EP00118_Oscarella_pearsei_P026903	OG1	100.0		
Ctel_gnl_WGS_AMQN_CAPTEDRAFT_mRNA132688	OG1	100.0		
Amil_Amillepora01787-RA	OG1	100.0		
Hsap_ENST00000504924	OG1	100.0		
Cgig_XM_011456904.3	OG1	100.0		
Exapal_XM_021049098.2	OG1	100.0		
Tadh_TriadT54332	OG1	100.0		
Gasp_gasp1.m3.20908.m1	OG1	100.0		
Adig_XM_015919691.1	OG1	100.0		
TrH2_TrispH2_003894-RA	OG1	100.0		
Spis_XP_022807566_1	OG1	100.0		
Nemnom_g3492.t1	OG1	100.0		
Rhoesc_Res_009501-T1	OG1	100.0		
Pocdam_XM_027183132.1	OG1	100.0		
Aaur_scaffold102.g19.t1	OG1	100.0		
Acagra_model.g9438.t1	OG1	100.0		
Hhon_g02359.t1	OG1	100.0		
Cscu_XM_023374553.1	OG1	100.0		
Bralan_BLAG02001710_1	OG1	100.0		
Nvec_v1g248122	OG1	100.0		
Dgig_XM_028560683.1	OG1	100.0		
Fspp_ffun1.m4.13643.m1	OG1	100.0		
HoiH23_PlH23_010127-RA	OG1	100.0		
Gfas_gfas1.m1.18507.m1	OG1	100.0		
HoiH04_mRNA13070	OG1	100.0		
HoiH06_mRNA13932	OG1	100.0		
Stycar_maker-SC_scaffold2682-augustus-gene-0.6-mRNA-1	OG1	100.0		
Plespi_Pspi_scaffold16974_01	OG1	100.0		
