gene	orthogroup	orthogroup_support	reference_ortholog	reference_support
Lampan_Lpan_2363_01	OG0	78.0		
Plespi_Pspi_scaffold5595_01	OG0	78.0		
Stycar_maker-SC_scaffold41911-snap-gene-0.4-mRNA-1	OG0	78.0		
Spolac_c104652_g2_i2_m.42140c104652-g2NA	OG0	78.0		
Aque_Aqu2.1.37497_001	OG0	78.0		
Lcom_lcpid128082	OG0	78.0		
Xestes_maker-XT_scaffold184119-augustus-gene-0.8-mRNA-1	OG0	78.0		
Gracom_Gcom_scaffold19170_01	OG0	78.0		
Emue_Em0001g848a.t1	OG0	78.0		
Tetwil_g10160.t1	OG0	78.0		
Scil_scict020394.1	OG0	78.0		
Spolac_c104652_g2_i1_m.42138c104652-g2NA	OG0	78.0		
Halamb_c56266_g2_i1m.42896	OG0	78.0		
Leuniv_Lniv_scaffold18241_01	OG0	78.0		
Drygla_Dgla_sb279670	OG0	78.0		
Plajan_Pjan_scaffold22755_01	OG1	66.0		
Hsap_ENST00000361546	OG1	66.0		
Cgig_XM_034468622.1	OG1	66.0		
Bralan_BLAG02000093_3	OG1	66.0		
Cscu_XM_023372941.1	OG1	66.0		
Hsap_ENST00000360802	OG1	66.0		
Dpul_mRNA21985	OG1	66.0		
Ctel_gnl_WGS_AMQN_CAPTEDRAFT_mRNA87688	OG1	66.0		
Spur_XM_030976769.1	OG1	66.0		
Acagra_model.g13298.t1.1.5d3b8738	OG1	66.0		
Skow_XM_006811742.1	OG1	66.0		
Lcom_lcpid126735	OG1	66.0		
Dpul_mRNA21986	OG1	66.0		
Skow_XM_006811743.1	OG1	66.0		
Tcas_TC009024_001	OG1	66.0		
Plajan_Pjan_scaffold22756_01	OG1	66.0		
Opea_EP00118_Oscarella_pearsei_P005470	OG1	66.0		
HoiH11_mRNA412	OG2	41.0		
Nemnom_g14543.t1	OG2	41.0		
Sanmal_Sma_014256-T1	OG2	41.0		
Chem_TCONS_00047438	OG2	41.0		
Xesp_002319-T1	OG2	41.0		
Aaur_scaffold428.g12.t2	OG2	41.0		
Fspp_ffun1.m4.12193.m1	OG2	41.0		
Lcom_lcpid131463	OG2	41.0		
Rhoesc_Res_009019-T1	OG2	41.0		
Aaur_scaffold1159.g1.t1	OG2	41.0		
Gfas_gfas1.m1.14503.m1	OG2	41.0		
Pocdam_XM_027188877.1	OG2	41.0		
Nvec_v1g219610	OG2	41.0		
Dgig_XM_028543323.1	OG2	41.0		
Exapal_XM_021049185.2	OG2	41.0		
Amil_Amillepora27331-RA	OG2	41.0		
Aaur_scaffold428.g13.t1	OG2	41.0		
Morvir_scaffold383.g15.t1	OG2	41.0		
Nvec_v1g219608	OG2	41.0		
Spis_XP_022784132_1	OG2	41.0		
Chem_TCONS_00047443	OG2	41.0		
Adig_XM_015909722.1	OG2	41.0		
Sanmal_Sma_014245-T1	OG2	41.0		
Hvul_g1177_1	OG2	41.0		
Gasp_gasp1.m3.5741.m1	OG2	41.0		
Tadh_wf_g3103.t1	OG2	41.0		
HoiH06_mRNA7794	OG2	41.0		
TrH2_TrispH2_003886-RA	OG2	41.0		
HoiH04_mRNA9113	OG2	41.0		
HoiH23_PlH23_000975-RA	OG2	41.0		
Hhon_g02351.t1	OG2	41.0		
