gene	orthogroup	orthogroup_support	reference_ortholog	reference_support
Dpul_mRNA20364	OG0	1.0		
Exapal_XM_021056629.2	OG0	1.0		
Acagra_model.g3857.t1	OG0	1.0		
Aaur_scaffold310.g3.t2	OG0	1.0		
Cscu_XM_023354427.1	OG0	1.0		
HoiH23_PlH23_004348-RA	OG0	1.0		
Tadh_TriadT24969	OG0	1.0		
Adig_XM_015900597.1	OG0	1.0		
Hsap_ENST00000326197	OG0	1.0		
Fspp_ffun1.m4.11085.m1	OG0	1.0		
Hvul_g7498_1	OG0	1.0		
Spur_XM_030994457.1	OG0	1.0		
Gfas_gfas1.m1.20460.m1	OG0	1.0		
Gasp_gasp1.m3.10979.m1	OG0	1.0		
Hsap_ENST00000380041	OG0	1.0		
Amil_Amillepora19755-RA	OG0	1.0		
Cgig_XM_034479452.1	OG0	1.0		
HoiH04_mRNA16209	OG0	1.0		
Clacor_Ccor_C535537_01	OG0	1.0		
Rhoesc_Res_008263-T1	OG0	1.0		
Hsap_ENST00000369020	OG0	1.0		
Nvec_v1g25760	OG0	1.0		
Bralan_BLAG01000711_1	OG0	1.0		
Hhon_g06420.t1	OG0	1.0		
Xesp_011624-T1	OG0	1.0		
Nvec_NVE23449	OG0	1.0		
Skow_XM_006817493.1	OG0	1.0		
Chem_TCONS_00048363	OG0	1.0		
Hsap_ENST00000251900	OG0	1.0		
HoiH06_mRNA87	OG0	1.0		
Morvir_scaffold21.g96.t1	OG0	1.0		
Pocdam_XM_027182306.1	OG0	1.0		
HoiH11_mRNA1190	OG0	1.0		
Ctel_gnl_WGS_AMQN_CAPTEDRAFT_mRNA120304	OG0	1.0		
Nvec_NVE23445	OG0	1.0		
Nemnom_g11201.t1	OG0	1.0		
Spis_XP_022788860_1	OG0	1.0		
Dgig_XM_028553764.1	OG0	1.0		
TrH2_TrispH2_003714-RA	OG0	1.0		
Lcom_lcpid157313	OG0	1.0		
Tcas_TC011043_001	OG0	1.0		
Lcom_lcpid245160	OG0	1.0		
