gene	orthogroup	orthogroup_support	reference_ortholog	reference_support
Bralan_BLAG06000797_1	OG0	45.0		
Lcom_lcpid184958	OG0	45.0		
Horcal_Hcv1.av93.c2.g1288.i1	OG0	45.0		
Lcom_lcpid208626	OG0	45.0		
Mlei_ML3588.g15.i1	OG0	45.0		
Lcom_lcpid205409	OG0	45.0		
Ctel_gnl_WGS_AMQN_CAPTEDRAFT_mRNA178170	OG0	45.0		
Lcom_lcpid222736	OG0	45.0		
Lcom_lcpid210140	OG0	45.0		
Scil_scict004878.1	OG0	45.0		
Lcom_lcpid195713	OG0	45.0		
Clacor_Ccor_scaffold3489_01	OG0	45.0		
Acagra_model.g33.t1.1.5d3b81f0	OG0	45.0		
Lcom_lcpid214057	OG0	45.0		
Lcom_lcpid220353	OG0	45.0		
Lcom_lcpid204498	OG0	45.0		
Lcom_lcpid111743	OG0	45.0		
Pbac_sb2642054	OG0	45.0		
Lcom_lcpid196225	OG0	45.0		
Lcom_lcpid199371	OG0	45.0		
Cgig_XM_011419867.3	OG0	45.0		
Lcom_lcpid198986	OG0	45.0		
Lcom_lcpid251648	OG0	45.0		
Lcom_lcpid239266	OG1	100.0		
TrH2_TrispH2_007061-RA	OG1	100.0		
HoiH04_mRNA2897	OG1	100.0		
HoiH11_mRNA1074	OG1	100.0		
Tadh_TriadT63137	OG1	100.0		
HoiH23_PlH23_006928-RA	OG1	100.0		
Opea_EP00118_Oscarella_pearsei_P028709	OG1	100.0		
Ocar_g8661	OG1	100.0		
Spur_XM_788739.4	OG2	37.0		
Nemnom_g15377.t1	OG2	37.0		
Cscu_XM_023380456.1	OG2	37.0		
Fspp_ffun1.m4.1132.m1	OG2	37.0		
Adig_XM_015897514.1	OG2	37.0		
Halamb_c19091_g1_i1m.3348	OG2	37.0		
Halamb_c65730_g1_i1m.46329	OG2	37.0		
Sanmal_Sma_010690-T1	OG2	37.0		
Morvir_scaffold377.g8.t1	OG2	37.0		
Chem_TCONS_00039991	OG2	37.0		
Halamb_c39043_g1_i1m.11345	OG2	37.0		
Dgig_XM_028545778.1	OG2	37.0		
Spolac_c2257_g1_i1_m.30c2257-g1	OG2	37.0		
Tetwil_g5234.t1	OG2	37.0		
Hvul_g12598_1	OG2	37.0		
Spis_XP_022795875_1	OG2	37.0		
Gfas_gfas1.m1.14213.m1	OG2	37.0		
Xestes_augustus_masked-XT_scaffold1909-processed-gene-0.9-mRNA-1	OG2	37.0		
Dpul_mRNA27437	OG2	37.0		
Xesp_015014-T1	OG2	37.0		
Hsap_ENST00000409038	OG2	37.0		
Rhoesc_Res_000426-T1	OG2	37.0		
Exapal_XM_021061825.2	OG2	37.0		
Nvec_v1g235042	OG2	37.0		
Cscu_XM_023380464.1	OG2	37.0		
Aaur_scaffold1276.g7.t1	OG2	37.0		
Nemnom_g1713.t1	OG2	37.0		
Lcom_lcpid207674	OG2	37.0		
Stycar_augustus_masked-SC_scaffold109253-processed-gene-0.0-mRNA-1	OG2	37.0		
Emue_Em0022g699a.t1	OG2	37.0		
Aque_Aqu2.1.34449_001	OG2	37.0		
Gasp_gasp1.m3.26034.m1	OG2	37.0		
Pocdam_XM_027180229.1	OG2	37.0		
Tcas_TC008311_001	OG2	37.0		
Amil_Amillepora06865-RA	OG2	37.0		
Skow_XM_006822171.1	OG2	37.0		
