gene	orthogroup	orthogroup_support	reference_ortholog	reference_support
Morvir_scaffold6.g63.t1	OG0	41.0		
Lcom_lcpid164944	OG0	41.0		
Nemnom_g3126.t1	OG0	41.0		
Rhoesc_Res_004383-T1	OG0	41.0		
Sanmal_Sma_023670-T1	OG0	41.0		
Aaur_scaffold29.g33.t1	OG0	41.0		
Lcom_lcpid171893	OG0	41.0		
Chem_TCONS_00022124	OG1	41.0		
Tcas_TC010175_001	OG1	41.0		
TrH2_TrispH2_001222-RA	OG1	41.0		
Tadh_wf_g3281.t1	OG1	41.0		
Spolac_c95770_g1_i1_m.12006c95770-g1	OG1	41.0		
Nvec_v1g82268	OG1	41.0		
Exapal_XM_021042059.2	OG1	41.0		
Amil_Amillepora26523-RA	OG1	41.0		
Cscu_XM_023367853.1	OG1	41.0		
Gasp_gasp1.m3.5108.m1	OG1	41.0		
Xesp_022223-T1	OG1	41.0		
Fspp_ffun1.m4.31443.m1	OG1	41.0		
Hsap_ENST00000432074	OG1	41.0		
Pocdam_XM_027182566.1	OG1	41.0		
Halamb_c32266_g1_i1m.7040	OG1	41.0		
Opea_EP00118_Oscarella_pearsei_P024720	OG1	41.0		
HoiH06_mRNA8215	OG1	41.0		
Pbac_sb2643195	OG1	41.0		
Tetwil_g12198.t1	OG1	41.0		
Dpul_mRNA3667	OG1	41.0		
Horcal_Hcv1.av93.c1.g916.i1	OG1	41.0		
Dgig_XM_028537222.1	OG1	41.0		
Emue_Em0012g839a.t1	OG1	41.0		
Lcom_lcpid93864	OG1	41.0		
HoiH11_mRNA5084	OG1	41.0		
Lcom_lcpid220972	OG1	41.0		
Lcom_lcpid185950	OG1	41.0		
Cgig_XM_011446171.3	OG1	41.0		
Skow_XM_002731967.2	OG1	41.0		
HoiH04_mRNA10512	OG1	41.0		
Spur_XM_030974556.1	OG1	41.0		
Acagra_model.g21346.t1	OG1	41.0		
Spis_XP_022785186_1	OG1	41.0		
Lcom_lcpid156276	OG1	41.0		
Bralan_BLAG17000310_1	OG1	41.0		
HoiH23_PlH23_003058-RA	OG1	41.0		
Hhon_g04132.t1	OG1	41.0		
Adig_XM_015895634.1	OG1	41.0		
Aque_Aqu2.1.38165_001	OG1	41.0		
Hvul_g2325_1	OG1	41.0		
