gene	orthogroup	orthogroup_support	reference_ortholog	reference_support
Hsap_ENST00000227520	OG0	34.0		
Mlei_ML3588.g37.i1	OG0	34.0		
Dpul_mRNA6748	OG0	34.0		
Tcas_TC008705_001	OG0	34.0		
Pbac_sb2644927	OG0	34.0		
Hvul_g21823_1	OG0	34.0		
Pbac_sb2668560	OG0	34.0		
Lcom_lcpid183997	OG0	34.0		
Cscu_XM_023356731.1	OG1	34.0		
HoiH11_mRNA9135	OG1	34.0		
Tetwil_g6532.t1	OG1	34.0		
Nvec_v1g233577	OG1	34.0		
Scil_scict016460.1	OG1	34.0		
Aque_Aqu2.1.30469_001	OG1	34.0		
Adig_XM_015903586.1	OG1	34.0		
Fspp_ffun1.m4.20251.m1	OG1	34.0		
Amil_Amillepora22192-RA	OG1	34.0		
Morvir_scaffold62.g59.t1	OG1	34.0		
Tadh_TriadT61312	OG1	34.0		
Pocdam_XM_027188396.1	OG1	34.0		
HoiH06_mRNA7065	OG1	34.0		
TrH2_TrispH2_008635-RA	OG1	34.0		
Xesp_004904-T1	OG1	34.0		
Spolac_c89129_g1_i1_m.5439c89129-g1	OG1	34.0		
Rhoesc_Res_006404-T1	OG1	34.0		
Opea_EP00118_Oscarella_pearsei_P026303	OG1	34.0		
Hhon_g08968.t1	OG1	34.0		
HoiH23_PlH23_005819-RA	OG1	34.0		
Lcom_lcpid95387	OG1	34.0		
Sanmal_Sma_018984-T1	OG1	34.0		
Nemnom_g13619.t1	OG1	34.0		
Spis_XP_022808617_1	OG1	34.0		
Exapal_XM_021054106.2	OG1	34.0		
Emue_Em0015g981a.t1	OG1	34.0		
Dgig_XM_028541099.1	OG1	34.0		
Gasp_gasp1.m3.3711.m1	OG1	34.0		
Bralan_BLAG04000704_1	OG1	34.0		
Acagra_model.g14744.t1	OG1	34.0		
Cgig_XM_034443461.1	OG1	34.0		
Ctel_gnl_WGS_AMQN_CAPTEDRAFT_mRNA194031	OG1	34.0		
