gene	orthogroup	orthogroup_support	reference_ortholog	reference_support
Leuniv_Lniv_scaffold21806_01	OG0	100.0		
Gracom_Gcom_scaffold16072_01	OG0	100.0		
Scil_scict007770.1	OG0	100.0		
Lcom_lcpid43960	OG0	100.0		
Morvir_scaffold266.g15.t1	OG1	100.0		
Bolinf_Binf_sb1209684	OG1	100.0		
Ctel_gnl_WGS_AMQN_CAPTEDRAFT_mRNA161831	OG1	100.0		
Coemet_Cmet_C601067_01	OG1	100.0		
Coeast_Cast_sb776714	OG1	100.0		
Lcom_lcpid256257	OG1	100.0		
Acagra_model.g27742.t1.1.5d3b8c00	OG1	100.0		
Cscu_XM_023382221.1	OG1	100.0		
Horcal_Hcv1.av93.c2.g874.i1	OG1	100.0		
Plajan_Pjan_C566482_01	OG1	100.0		
Halamb_c48327_g1_i1m.24005	OG1	100.0		
Cscu_XM_023382219.1	OG1	100.0		
Stycar_augustus_masked-SC_scaffold29390-processed-gene-0.2-mRNA-1	OG1	100.0		
Pbac_sb2642856	OG1	100.0		
Cgig_XM_034456631.1	OG1	100.0		
Spolac_c100998_g1_i1_m.24182c100998-g1	OG1	100.0		
Tetwil_g24664.t1	OG1	100.0		
Drygla_Dgla_sb287773	OG1	100.0		
Lcom_lcpid246216	OG1	100.0		
Aque_Aqu2.1.34616_001	OG1	100.0		
Lampan_Lpan_14600_01	OG1	100.0		
Chem_TCONS_00047143	OG1	100.0		
Dpul_mRNA3189	OG1	100.0		
Dgig_XM_028553348.1	OG1	100.0		
Spis_XP_022780700_1	OG1	100.0		
Hsap_ENST00000355527	OG1	100.0		
Exapal_XM_021048796.2	OG1	100.0		
Nemnom_g12869.t1	OG1	100.0		
Rhoesc_Res_005834-T1	OG1	100.0		
Gasp_gasp1.m3.19471.m1	OG1	100.0		
Gfas_gfas1.m1.6851.m1	OG1	100.0		
Skow_XM_002734233.2	OG1	100.0		
Bralan_BLAG07000953_1	OG1	100.0		
Aaur_scaffold576.g3.t1	OG1	100.0		
Pocdam_XM_027200322.1	OG1	100.0		
Spur_XM_776617.5	OG1	100.0		
Nvec_v1g229921	OG1	100.0		
