gene	orthogroup	orthogroup_support	reference_ortholog	reference_support
Gracom_Gcom_C534208_01	OG0	100.0		
Lcom_lcpid113743	OG0	100.0		
Scil_scict006038.1	OG0	100.0		
Hsap_ENST00000424491	OG1	100.0		
TrH2_TrispH2_001105-RA	OG1	100.0		
Stycar_augustus_masked-SC_scaffold22508-processed-gene-0.5-mRNA-1	OG1	100.0		
Tetwil_g18220.t1	OG1	100.0		
Rhoesc_Res_000970-T1	OG1	100.0		
Adig_XM_015910043.1	OG1	100.0		
HoiH11_mRNA2538	OG1	100.0		
HoiH04_mRNA5047	OG1	100.0		
HoiH23_PlH23_003119-RA	OG1	100.0		
Xesp_011846-T1	OG1	100.0		
HoiH06_mRNA4432	OG1	100.0		
Nvec_v1g131067	OG1	100.0		
Hhon_g04304.t1	OG1	100.0		
Amil_Amillepora34403-RA	OG1	100.0		
Tadh_TriadT56333	OG1	100.0		
Gfas_gfas1.m1.23698.m1	OG1	100.0		
Nemnom_g8183.t1	OG1	100.0		
Fspp_ffun1.m4.12532.m1	OG1	100.0		
Aque_Aqu2.1.38417_001	OG1	100.0		
Dpul_mRNA8900	OG1	100.0		
Lcom_lcpid243354	OG1	100.0		
Skow_XM_006820193.1	OG1	100.0		
Ctel_gnl_WGS_AMQN_CAPTEDRAFT_mRNA175195	OG1	100.0		
Spur_XM_793993.5	OG1	100.0		
Cscu_XM_023362991.1	OG1	100.0		
Hsap_ENST00000410042	OG1	100.0		
Bralan_BLAG06000213_1	OG1	100.0		
Hvul_g10081_1	OG1	100.0		
Tcas_TC015255_001	OG1	100.0		
Chem_TCONS_00026094	OG1	100.0		
Cgig_XM_011427869.3	OG1	100.0		
Bralan_BLAG06000217_1	OG1	100.0		
Tcas_TC011456_001	OG1	100.0		
