gene	orthogroup	orthogroup_support	reference_ortholog	reference_support
Ctel_gnl_WGS_AMQN_CAPTEDRAFT_mRNA130449	OG0	33.0		
Gasp_gasp1.m3.20479.m1	OG0	33.0		
Adig_XM_015897822.1	OG0	33.0		
Tadh_TriadT31259	OG0	33.0		
HoiH11_mRNA3601	OG0	33.0		
Acagra_model.g2112.t1.1.5d3b838d	OG0	33.0		
Hhon_g07169.t1	OG0	33.0		
Gfas_gfas1.m1.16914.m1	OG0	33.0		
Nvec_v1g107661	OG0	33.0		
HoiH06_mRNA9911	OG0	33.0		
Pocdam_XM_027183688.1	OG0	33.0		
Dgig_XM_028535275.1	OG0	33.0		
Lcom_lcpid222503	OG0	33.0		
Exapal_XM_021041726.1	OG0	33.0		
Amil_Amillepora03498-RA	OG0	33.0		
Xesp_013157-T1	OG0	33.0		
Plajan_Pjan_C542278_01	OG0	33.0		
HoiH23_PlH23_004930-RA	OG0	33.0		
HoiH04_mRNA5826	OG0	33.0		
Spis_XP_022789369_1	OG0	33.0		
TrH2_TrispH2_005005-RA	OG0	33.0		
Fspp_ffun1.m4.25124.m1	OG0	33.0		
Cgig_XM_011425284.3	OG0	33.0		
Bralan_BLAG03001602_1	OG1	33.0		
Coemet_Cmet_scaffold4809_01	OG1	33.0		
Coeast_Cast_sb757774	OG1	33.0		
Lampan_Lpan_8594_01	OG1	33.0		
Horcal_Hcv1.av93.c10.g11.i1	OG1	33.0		
Beraby_Baby_sb325659	OG1	33.0		
Scil_scict006477.1	OG1	33.0		
Bolinf_Binf_sb1227582	OG1	33.0		
Skow_XM_006819488.1	OG1	33.0		
Eupdun_Edun_sb10629446	OG1	33.0		
Spur_XM_011679344.2	OG1	33.0		
Pbac_sb2659906	OG1	33.0		
Coemet_Cmet_scaffold4808_01	OG1	33.0		
Mlei_ML4098.g12.i1	OG1	33.0		
Gracom_Gcom_scaffold11208_01	OG1	33.0		
Drygla_Dgla_sb287446	OG1	33.0		
Pbac_sb2657271	OG1	33.0		
Clacor_Ccor_scaffold10337_01	OG1	33.0		
Hsap_ENST00000370151	OG1	33.0		
Spur_XM_030992982.1	OG1	33.0		
Mertsp_Mesp_sb566460	OG1	33.0		
Leuniv_Lniv_scaffold23611_01	OG1	33.0		
Lcom_lcpid118633	OG1	33.0		
Vmul_SimC393250	OG1	33.0		
Tcas_TC000276_001	OG1	33.0		
Cscu_XM_023357883.1	OG1	33.0		
