gene	orthogroup	orthogroup_support	reference_ortholog	reference_support
Ctel_gnl_WGS_AMQN_CAPTEDRAFT_mRNA139551	OG0	35.0		
HoiH23_PlH23_007037-RA	OG0	35.0		
HoiH04_mRNA17005	OG0	35.0		
Hhon_g02500.t1	OG0	35.0		
TrH2_TrispH2_003840-RA	OG0	35.0		
HoiH11_mRNA5747	OG0	35.0		
HoiH06_mRNA8466	OG0	35.0		
Tadh_TriadT55582	OG0	35.0		
Spur_XM_030975401.1	OG1	35.0		
Amil_Amillepora05369-RA	OG1	35.0		
Hvul_g8198_1	OG1	35.0		
Gasp_gasp1.m3.1955.m1	OG1	35.0		
Pocdam_XM_027197764.1	OG1	35.0		
Gfas_gfas1.m1.15624.m1	OG1	35.0		
Chem_TCONS_00072963	OG1	35.0		
Xesp_005587-T1	OG1	35.0		
Nemnom_g13704.t1	OG1	35.0		
Dgig_XM_028537032.1	OG1	35.0		
Sanmal_Sma_024840-T1	OG1	35.0		
Exapal_XM_021059949.2	OG1	35.0		
Amil_Amillepora05368-RA	OG1	35.0		
Rhoesc_Res_011237-T1	OG1	35.0		
Fspp_ffun1.m4.22575.m1	OG1	35.0		
Fspp_ffun1.m4.21295.m1	OG1	35.0		
Adig_XM_015911414.1	OG1	35.0		
Spis_XP_022798963_1	OG1	35.0		
Adig_XM_015911415.1	OG1	35.0		
Morvir_scaffold346.g1.t1	OG1	35.0		
Pocdam_XM_027197851.1	OG1	35.0		
Gfas_gfas1.m1.15625.m1	OG1	35.0		
Gasp_gasp1.m3.1950.m1	OG1	35.0		
Spis_XP_022798949_1	OG1	35.0		
Nvec_v1g137320	OG1	35.0		
Bralan_BLAG07001366_1	OG1	35.0		
Opea_EP00118_Oscarella_pearsei_P003564	OG1	35.0		
Skow_XM_002731419.2	OG1	35.0		
Plajan_Pjan_C554963_01	OG1	35.0		
Hsap_ENST00000330943	OG1	35.0		
Tcas_TC013515_001	OG1	35.0		
Ctel_gnl_WGS_AMQN_CAPTEDRAFT_mRNA175372	OG1	35.0		
Ctel_gnl_WGS_AMQN_CAPTEDRAFT_mRNA195778	OG1	35.0		
Hsap_ENST00000491381	OG1	35.0		
Cscu_XM_023374558.1	OG1	35.0		
Cgig_XM_011434187.3	OG1	35.0		
Ocar_g4031	OG1	35.0		
Cscu_XM_023374557.1	OG1	35.0		
Acagra_model.g30518.t1	OG1	35.0		
Opea_EP00118_Oscarella_pearsei_P003565	OG1	35.0		
