gene	orthogroup	orthogroup_support	reference_ortholog	reference_support
Hsap_ENST00000342422	OG0	48.0		
Tcas_TC003138_001	OG0	48.0		
Tadh_TriadT24387	OG0	48.0		
Scil_scict001367.1	OG0	48.0		
HoiH11_mRNA5515	OG0	48.0		
HoiH04_mRNA6609	OG0	48.0		
Morvir_scaffold108.g5.t1	OG0	48.0		
Bralan_BLAG07000886_1	OG0	48.0		
Opea_EP00118_Oscarella_pearsei_P007608	OG0	48.0		
Halamb_c16081_g1_i1m.2751	OG0	48.0		
Cscu_XM_023377018.1	OG0	48.0		
Emue_Em0018g565a.t1	OG0	48.0		
Lcom_lcpid117670	OG0	48.0		
Ctel_gnl_WGS_AMQN_CAPTEDRAFT_mRNA99150	OG0	48.0		
Aque_Aqu2.1.44179_001	OG0	48.0		
Hhon_g02518.t1	OG0	48.0		
HoiH06_mRNA2575	OG0	48.0		
Hvul_g20460_1	OG0	48.0		
Nemnom_g1999.t1	OG0	48.0		
Sanmal_Sma_025053-T1	OG0	48.0		
Spur_XM_011662088.2	OG0	48.0		
Xestes_maker-XT_scaffold713-augustus-gene-0.9-mRNA-1	OG0	48.0		
HoiH23_PlH23_005737-RA	OG0	48.0		
Dpul_mRNA15567	OG0	48.0		
Chem_TCONS_00025925	OG0	48.0		
Rhoesc_Res_011173-T1	OG0	48.0		
TrH2_TrispH2_003857-RA	OG0	48.0		
Cgig_XM_011452936.3	OG0	48.0		
Spolac_c92298_g1_i1_m.7699c103372-g3	OG0	48.0		
Tetwil_g23766.t1	OG0	48.0		
Hsap_ENST00000558530	OG1	19.0		
Pbac_sb2663648	OG1	19.0		
Horcal_Hcv1.av93.c1.g237.i1	OG1	19.0		
Dgig_XM_028536754.1	OG1	19.0		
Amil_Amillepora19396-RA	OG1	19.0		
Mlei_ML1391.g9.i1	OG1	19.0		
Xesp_005412-T1	OG1	19.0		
Nvec_v1g103542	OG2	89.0		
Spis_XP_022779561_1	OG2	89.0		
Amil_Amillepora09209-RA	OG2	89.0		
Gfas_gfas1.m1.5879.m1	OG2	89.0		
Adig_XM_015925196.1	OG2	89.0		
Fspp_ffun1.m4.31401.m1	OG2	89.0		
Gasp_gasp1.m3.7630.m1	OG2	89.0		
Pocdam_XM_027181863.1	OG2	89.0		
Exapal_XM_021037639.2	OG2	89.0		
