gene	orthogroup	orthogroup_support	reference_ortholog	reference_support
Spur_XM_030996220.1	OG0	53.0		
Sanmal_Sma_011775-T1	OG0	53.0		
Cscu_XM_023367402.1	OG0	53.0		
Hsap_ENST00000586534	OG0	53.0		
Hsap_ENST00000358015	OG0	53.0		
Bralan_BLAG13000779_1	OG0	53.0		
Nvec_v1g246958	OG0	53.0		
Amil_Amillepora00087-RA	OG0	53.0		
TrH2_TrispH2_000519-RA	OG0	53.0		
Dpul_mRNA539	OG0	53.0		
Nemnom_g12564.t1	OG0	53.0		
Adig_XM_015900146.1	OG0	53.0		
Spis_XP_022786623_1	OG0	53.0		
Morvir_scaffold530.g11.t1	OG0	53.0		
Ctel_gnl_WGS_AMQN_CAPTEDRAFT_mRNA148202	OG0	53.0		
Lcom_lcpid128628	OG0	53.0		
HoiH04_mRNA10441	OG0	53.0		
Cgig_XM_020074997.2	OG0	53.0		
Dgig_XM_028548837.1	OG0	53.0		
Acagra_model.g11789.t1	OG0	53.0		
Exapal_XM_021050552.2	OG0	53.0		
Opea_EP00118_Oscarella_pearsei_P025016	OG0	53.0		
Pocdam_XM_027196979.1	OG0	53.0		
HoiH06_mRNA5763	OG0	53.0		
HoiH23_PlH23_010061-RA	OG0	53.0		
Gfas_gfas1.m1.15446.m1	OG0	53.0		
Tcas_TC030907_001	OG0	53.0		
Lcom_lcpid128627	OG0	53.0		
Skow_XM_006812707.1	OG0	53.0		
Plajan_Pjan_scaffold2310_01	OG0	53.0		
Tadh_TriadT58050	OG0	53.0		
Hhon_g00170.t1	OG0	53.0		
Lcom_lcpid204113	OG0	53.0		
Rhoesc_Res_016584-T1	OG0	53.0		
Hvul_g17051_1	OG1	25.0		
Aque_Aqu2.1.13215_001	OG1	25.0		
Spolac_c98022_g1_i3_m.16241c98022-g1	OG1	25.0		
Plespi_Pspi_scaffold20159_01	OG1	25.0		
Spolac_c98022_g1_i1_m.16237c98022-g1	OG1	25.0		
Aque_Aqu2.1.34282_001	OG1	25.0		
Halamb_c38842_g1_i1m.11158	OG1	25.0		
Emue_Em0011g417a.t1	OG1	25.0		
Spolac_c98022_g1_i2_m.16239c98022-g1	OG1	25.0		
Halamb_c31715_g1_i1m.6788	OG1	25.0		
Lcom_lcpid107150	OG1	25.0		
Lcom_lcpid85328	OG2	100.0		
Leuniv_Lniv_scaffold25850_01	OG2	100.0		
Scil_scict006752.3	OG2	100.0		
Gracom_Gcom_C526430_01	OG2	100.0		
Lcom_lcpid164137	OG3	28.0		
Eupdun_Edun_sb10644793	OG3	28.0		
Mlei_ML0135.g3.i1	OG3	28.0		
Eupdun_Edun_sb10644794	OG3	28.0		
Horcal_Hcv1.av93.c6.g640.i1	OG3	28.0		
Coemet_Cmet_scaffold14373_01	OG3	28.0		
Vmul_Simscaffold12678_01	OG3	28.0		
Lampan_Lpan_1979_01	OG3	28.0		
Lcom_lcpid100752	OG3	28.0		
