gene	orthogroup	orthogroup_support	reference_ortholog	reference_support
Clacor_Ccor_C540681_01	OG0	100.0		
Scil_scict022803.1	OG0	100.0		
Gracom_Gcom_C554662_01	OG0	100.0		
Leuniv_Lniv_scaffold20516_01	OG0	100.0		
Lcom_lcpid95750	OG0	100.0		
Lcom_lcpid161171	OG1	93.0		
Mlei_ML0053.g10.i1	OG1	93.0		
Coemet_Cmet_scaffold2634_01	OG1	93.0		
Drygla_Dgla_sb301600	OG1	93.0		
Mlei_ML0053.g11.i1	OG1	93.0		
Beraby_Baby_sb348165	OG1	93.0		
Vmul_sbMO392957	OG1	93.0		
Horcal_Hcv1.av93.c2.g619.i1	OG1	93.0		
Pbac_sb2667816	OG1	93.0		
Coeast_Cast_sb771576	OG1	93.0		
Vmul_sbMO447334	OG1	93.0		
Lampan_Lpan_C407573_01	OG1	93.0		
Plespi_Pspi_scaffold8261_01	OG2	89.0		
Aque_Aqu2.1.32106_001	OG2	89.0		
Emue_Em0021g321a.t1	OG2	89.0		
Xestes_maker-XT_scaffold4896-augustus-gene-0.38-mRNA-1	OG2	89.0		
Emue_Em0021g319a.t1	OG2	89.0		
Tetwil_g23948.t3	OG2	89.0		
Spolac_c98169_g1_i1_m.16605c98169-g1	OG2	89.0		
Halamb_c46612_g1_i1m.20914	OG2	89.0		
Lcom_lcpid204213	OG2	89.0		
Stycar_snap_masked-SC_scaffold7416-processed-gene-0.4-mRNA-1	OG2	89.0		
Ocar_g6887	OG3	68.0		
Hsap_ENST00000025399	OG3	68.0		
HoiH04_mRNA10469	OG3	68.0		
Gfas_gfas1.m1.18027.m1	OG3	68.0		
TrH2_TrispH2_002157-RA	OG3	68.0		
Dpul_mRNA21540	OG3	68.0		
Sanmal_Sma_017429-T1	OG3	68.0		
Acagra_model.g3222.t1	OG3	68.0		
HoiH23_PlH23_002139-RA	OG3	68.0		
Tadh_TriadT22326	OG3	68.0		
Exapal_XM_021050918.2	OG3	68.0		
Skow_XM_002731975.2	OG3	68.0		
Amil_Amillepora05059-RA	OG3	68.0		
Nvec_v1g13494	OG3	68.0		
HoiH06_mRNA13336	OG3	68.0		
Gfas_gfas1.m1.6855.m1	OG3	68.0		
Chem_TCONS_00058707	OG3	68.0		
Hhon_g04697.t1	OG3	68.0		
Cscu_XM_023381899.1	OG3	68.0		
Spur_XM_030987749.1	OG3	68.0		
Tcas_TC006736_001	OG3	68.0		
Nemnom_g8561.t1	OG3	68.0		
Gasp_gasp1.m3.19484.m1	OG3	68.0		
Ctel_gnl_WGS_AMQN_CAPTEDRAFT_mRNA229092	OG3	68.0		
Spis_XP_022780810_1	OG3	68.0		
Nvec_v1g150238	OG3	68.0		
Morvir_scaffold379.g6.t1	OG3	68.0		
HoiH11_mRNA5632	OG3	68.0		
Pocdam_XM_027200316.1	OG3	68.0		
Xesp_008512-T1	OG3	68.0		
Hvul_g12789_1	OG3	68.0		
Dgig_XM_028552650.1	OG3	68.0		
Bralan_BLAG18000685_1	OG3	68.0		
Cgig_XM_034476938.1	OG3	68.0		
Rhoesc_Res_002229-T1	OG3	68.0		
Fspp_ffun1.m4.13003.m1	OG3	68.0		
Adig_XM_015905224.1	OG3	68.0		
Plajan_Pjan_C548933_01	OG3	68.0		
Opea_EP00118_Oscarella_pearsei_P027461	OG3	68.0		
Lcom_lcpid210499	OG3	68.0		
