gene	orthogroup	orthogroup_support	reference_ortholog	reference_support
Cscu_XM_023376818.1	OG0	70.0		
Pbac_sb2659046	OG0	70.0		
Xesp_022003-T1	OG0	70.0		
Nemnom_g3199.t1	OG0	70.0		
Chem_TCONS_00029338	OG0	70.0		
HoiH06_mRNA5089	OG0	70.0		
Amil_Amillepora26985-RA	OG0	70.0		
Spis_XP_022793125_1	OG0	70.0		
Ctel_gnl_WGS_AMQN_CAPTEDRAFT_mRNA123871	OG0	70.0		
Horcal_Hcv1.av93.c3.g1114.i1	OG0	70.0		
HoiH04_mRNA2624	OG0	70.0		
Tadh_wf_g11000.t1	OG0	70.0		
Gfas_gfas1.m1.17634.m1	OG0	70.0		
Mlei_ML0690.g5.i1	OG0	70.0		
Xestes_augustus_masked-XT_scaffold5765-processed-gene-0.2-mRNA-1	OG0	70.0		
HoiH23_PlH23_001820-RA	OG0	70.0		
Hvul_g33433_1	OG0	70.0		
Dgig_XM_028553246.1	OG0	70.0		
Gasp_gasp1.m3.24319.m1	OG0	70.0		
Adig_XM_015893876.1	OG0	70.0		
Rhoesc_Res_004451-T1	OG0	70.0		
Aaur_scaffold528.g11.t1	OG0	70.0		
Bralan_BLAG04000212_1	OG0	70.0		
Exapal_XM_021056372.2	OG0	70.0		
Stycar_maker-SC_scaffold49031-snap-gene-0.18-mRNA-1	OG0	70.0		
Aque_Aqu2.1.21201_001	OG0	70.0		
Tetwil_g11590.t1	OG0	70.0		
Fspp_ffun1.m4.4820.m1	OG0	70.0		
TrH2_TrispH2_004970-RA	OG0	70.0		
Leuniv_Lniv_C800642_01	OG0	70.0		
Opea_EP00118_Oscarella_pearsei_P007090	OG0	70.0		
Lcom_lcpid98222	OG0	70.0		
Scil_scict011620.1	OG0	70.0		
Cscu_XM_023366566.1	OG0	70.0		
Gracom_Gcom_C544114_01	OG0	70.0		
Opea_EP00118_Oscarella_pearsei_P007091	OG0	70.0		
Tcas_TC001919_001	OG0	70.0		
Hsap_ENST00000555463	OG1	72.0		
Spur_XM_787309.4	OG1	72.0		
Skow_XM_002735191.2	OG1	72.0		
Tcas_TC033872_001	OG2	63.0		
Cgig_XM_011415773.3	OG2	63.0		
Cgig_XM_011415764.3	OG2	63.0		
Bralan_BLAG01000855_1	OG2	63.0		
Bralan_BLAG01000859_1	OG2	63.0		
Acagra_model.g31648.t1.2.5d3b8c43	OG2	63.0		
Dpul_mRNA18603	OG2	63.0		
Cgig_XM_011429380.3	OG3	90.0		
Bralan_BLAG01001040_1	OG3	90.0		
Hsap_ENST00000607452	OG3	90.0		
Bralan_BLAG01000854_1	OG4	1.0		
