gene	orthogroup	orthogroup_support	reference_ortholog	reference_support
Adig_XM_015908440.1	OG0	39.0		
Hsap_ENST00000410050	OG0	39.0		
Tcas_TC010850_001	OG0	39.0		
Hsap_ENST00000340208	OG0	39.0		
Ctel_gnl_WGS_AMQN_CAPTEDRAFT_mRNA78380	OG0	39.0		
Skow_NM_001168117.1	OG0	39.0		
Hsap_ENST00000557942	OG0	39.0		
Bralan_BLAG02001590_1	OG0	39.0		
Hsap_ENST00000514819	OG0	39.0		
Cscu_XM_023359612.1	OG0	39.0		
Pbac_sb2639230	OG0	39.0		
Eupdun_Edun_sb10612831	OG0	39.0		
Cscu_XM_023363600.1	OG0	39.0		
Mlei_ML1232.g10.i1	OG0	39.0		
Hsap_ENST00000348159	OG0	39.0		
Dpul_mRNA15969	OG0	39.0		
Cgig_XM_034470491.1	OG0	39.0		
Spur_XM_030976471.1	OG0	39.0		
Nvec_v1g170111	OG0	39.0		
Sanmal_Sma_013570-T1	OG0	39.0		
Gfas_gfas1.m1.13973.m1	OG0	39.0		
Amil_Amillepora02681-RA	OG0	39.0		
Xesp_001768-T1	OG0	39.0		
Rhoesc_Res_009202-T1	OG0	39.0		
Nemnom_g12208.t1	OG0	39.0		
Dgig_XM_028555975.1	OG0	39.0		
Morvir_scaffold239.g17.t1	OG0	39.0		
Nvec_v1g122107	OG0	39.0		
Fspp_ffun1.m4.3413.m1	OG0	39.0		
Pocdam_XM_027189105.1	OG0	39.0		
Gasp_gasp1.m3.11158.m1	OG0	39.0		
Spis_XP_022807802_1	OG0	39.0		
Chem_TCONS_00012193	OG0	39.0		
Lampan_Lpan_C419591_01	OG1	25.0		
Ocar_g9078	OG1	25.0		
Gracom_Gcom_C557152_01	OG1	25.0		
Clacor_Ccor_scaffold14980_01	OG1	25.0		
Plajan_Pjan_C565068_01	OG1	25.0		
Lcom_lcpid61664	OG1	25.0		
Leuniv_Lniv_scaffold11748_01	OG1	25.0		
Ocar_g9077	OG1	25.0		
Lcom_lcpid55719	OG1	25.0		
Opea_EP00118_Oscarella_pearsei_P012343	OG1	25.0		
Horcal_Hcv1.av93.c5.g377.i1	OG1	25.0		
Mlei_ML0778.g1.i1	OG1	25.0		
Coemet_Cmet_scaffold13459_01	OG1	25.0		
Pbac_sb2660927	OG1	25.0		
Pbac_sb2667775	OG1	25.0		
HoiH04_mRNA3557	OG2	58.0		
Tetwil_g14728.t2	OG2	58.0		
Lcom_lcpid250854	OG2	58.0		
Emue_Em0009g1173a.t1	OG2	58.0		
Aque_Aqu2.1.23392_001	OG2	58.0		
Tetwil_g15254.t1	OG2	58.0		
Spolac_c99064_g2_i1_m.18706c99064-g1	OG2	58.0		
Cgig_XM_011434743.3	OG2	58.0		
Xestes_maker-XT_scaffold2528-snap-gene-0.65-mRNA-1	OG2	58.0		
Tetwil_g17304.t1	OG2	58.0		
HoiH06_mRNA7551	OG2	58.0		
Tadh_TriadT22691	OG2	58.0		
HoiH23_PlH23_010027-RA	OG2	58.0		
HoiH11_mRNA3707	OG2	58.0		
Hhon_g11366.t1	OG2	58.0		
TrH2_TrispH2_002099-RA	OG2	58.0		
