gene	orthogroup	orthogroup_support	reference_ortholog	reference_support
Lcom_lcpid45224	OG0	100.0		
Scil_scict007225.1	OG0	100.0		
Leuniv_Lniv_scaffold17503_01	OG0	100.0		
Gracom_Gcom_scaffold12933_01	OG0	100.0		
Lcom_lcpid79946	OG0	100.0		
Vmul_Simscaffold11082_01	OG1	100.0		
Pocdam_XM_027192038.1	OG1	100.0		
Tcas_TC015377_001	OG1	100.0		
Adig_XM_015897465.1	OG1	100.0		
Exapal_XM_021048672.2	OG1	100.0		
Amil_Amillepora13296-RA	OG1	100.0		
TrH2_TrispH2_005229-RA	OG1	100.0		
Hsap_ENST00000358540	OG1	100.0		
Lcom_lcpid252064	OG1	100.0		
Hhon_g08135.t1	OG1	100.0		
HoiH06_mRNA12150	OG1	100.0		
Cgig_XM_034461556.1	OG1	100.0		
Nvec_NVE25827	OG1	100.0		
Acagra_model.g2074.t1	OG1	100.0		
Gasp_gasp1.m3.285.m1	OG1	100.0		
Cscu_XM_023371204.1	OG1	100.0		
Morvir_scaffold8.g8.t1	OG1	100.0		
HoiH11_mRNA5353	OG1	100.0		
Hvul_g13062_1	OG1	100.0		
Nemnom_g13417.t1	OG1	100.0		
Tadh_TriadT51484	OG1	100.0		
Rhoesc_Res_017077-T1	OG1	100.0		
Spis_XP_022781721_1	OG1	100.0		
Hsap_ENST00000309017	OG1	100.0		
HoiH23_PlH23_008455-RA	OG1	100.0		
HoiH04_mRNA11679	OG1	100.0		
Fspp_ffun1.m4.21045.m1	OG1	100.0		
Chem_TCONS_00009502	OG1	100.0		
Aaur_scaffold138.g1.t1	OG1	100.0		
Hsap_ENST00000283228	OG1	100.0		
Sanmal_Sma_024270-T1	OG1	100.0		
Spur_XM_030989489.1	OG1	100.0		
Skow_XM_006812170.1	OG1	100.0		
Gfas_gfas1.m1.1727.m1	OG1	100.0		
Ctel_gnl_WGS_AMQN_CAPTEDRAFT_mRNA168672	OG1	100.0		
Drygla_Dgla_sb285270	OG1	100.0		
Pbac_sb2642321	OG1	100.0		
Aque_Aqu2.1.31802_001	OG1	100.0		
Opea_EP00118_Oscarella_pearsei_P016440	OG1	100.0		
Opea_EP00118_Oscarella_pearsei_P026016	OG1	100.0		
Horcal_Hcv1.av93.c4.g459.i1	OG1	100.0		
Ocar_g3157	OG1	100.0		
Coemet_Cmet_scaffold1984_01	OG1	100.0		
Lampan_Lpan_9561_01	OG1	100.0		
