gene	orthogroup	orthogroup_support	reference_ortholog	reference_support
Lcom_lcpid207638	OG0	100.0		
Lcom_lcpid236911	OG0	100.0		
Lcom_lcpid135917	OG1	74.0		
Pbac_sb2651510	OG1	74.0		
Pbac_sb2666520	OG1	74.0		
Tcas_TC004854_001	OG2	36.0		
Mertsp_Mesp_sb568205	OG2	36.0		
Horcal_Hcv1.av93.c3.g413.i1	OG2	36.0		
Eupdun_Edun_sb10641167	OG2	36.0		
Bolinf_Binf_sb1210383	OG2	36.0		
Coemet_Cmet_C603610_01	OG2	36.0		
Lampan_Lpan_5949_01	OG2	36.0		
Drygla_Dgla_sb283537	OG2	36.0		
Mlei_ML0346.g45.i1	OG2	36.0		
Pbac_sb2651512	OG2	36.0		
Bolinf_Binf_sb1232629	OG2	36.0		
Clacor_Ccor_C507463_01	OG3	99.0		
Leuniv_Lniv_scaffold20348_01	OG3	99.0		
Scil_scict002136.2	OG3	99.0		
Gracom_Gcom_scaffold7502_01	OG3	99.0		
Lcom_lcpid81847	OG3	99.0		
Hhon_g08459.t1	OG4	92.0		
Spolac_c103432_g1_i7_m.34228c103432-g1	OG4	92.0		
Hvul_g23630_1	OG4	92.0		
Gasp_gasp1.m3.30025.m1	OG4	92.0		
Spis_XP_022801674_1	OG4	92.0		
Ctel_gnl_WGS_AMQN_CAPTEDRAFT_mRNA151084	OG4	92.0		
Rhoesc_Res_009114-T1	OG4	92.0		
Pocdam_XM_027191387.1	OG4	92.0		
Plajan_Pjan_C560938_01	OG4	92.0		
Chem_TCONS_00009086	OG4	92.0		
Hsap_ENST00000299259	OG4	92.0		
Tetwil_g4259.t1	OG4	92.0		
Sanmal_Sma_013860-T1	OG4	92.0		
Nemnom_g12348.t1	OG4	92.0		
Ocar_g8677	OG4	92.0		
Exapal_XM_021060346.2	OG4	92.0		
Tcas_TC004662_001	OG4	92.0		
Ocar_g9060	OG4	92.0		
Opea_EP00118_Oscarella_pearsei_P019238	OG4	92.0		
Xesp_002089-T1	OG4	92.0		
Morvir_scaffold385.g4.t2	OG4	92.0		
Gfas_gfas1.m1.2418.m1	OG4	92.0		
Xestes_maker-XT_scaffold122646-snap-gene-0.13-mRNA-1	OG4	92.0		
Fspp_ffun1.m4.2967.m1	OG4	92.0		
Bralan_BLAG02002149_1	OG4	92.0		
Acagra_model.g10231.t1	OG4	92.0		
Nvec_v1g160233	OG4	92.0		
Aaur_scaffold18.g6.t1	OG4	92.0		
Amil_Amillepora15019-RA	OG4	92.0		
Lcom_lcpid215815	OG4	92.0		
Emue_Em0010g875a.t1	OG4	92.0		
Ctel_gnl_WGS_AMQN_CAPTEDRAFT_mRNA145455	OG4	92.0		
Adig_XM_015895780.1	OG4	92.0		
Cscu_XM_023364225.1	OG4	92.0		
Cgig_XM_011449585.3	OG4	92.0		
Dpul_mRNA24734	OG4	92.0		
Dgig_XM_028555408.1	OG4	92.0		
Lcom_lcpid240374	OG4	92.0		
Skow_XM_002732754.2	OG4	92.0		
Spur_XM_775103.5	OG4	92.0		
Spur_XM_030976756.1	OG4	92.0		
Halamb_c41529_g1_i2mm.949	OG4	92.0		
Aque_Aqu2.1.43537_001	OG4	92.0		
HoiH04_mRNA803	OG4	92.0		
TrH2_TrispH2_010974-RA	OG4	92.0		
HoiH06_mRNA7734	OG4	92.0		
HoiH23_PlH23_007573-RA	OG4	92.0		
Tadh_TriadT30777	OG4	92.0		
HoiH11_mRNA5064	OG4	92.0		
Lcom_lcpid201546	OG5	1.0		
