gene	orthogroup	orthogroup_support	reference_ortholog	reference_support
Morvir_scaffold369.g20.t1	OG0	43.0		
Lcom_lcpid181031	OG0	43.0		
Tetwil_g26001.t1	OG0	43.0		
Tetwil_g26000.t1	OG0	43.0		
Bralan_BLAG01000266_1	OG0	43.0		
Tetwil_g6701.t1	OG0	43.0		
Bralan_BLAG15000319_1	OG0	43.0		
Bralan_BLAG10000444_1	OG0	43.0		
Bralan_BLAG02000856_3	OG0	43.0		
Hhon_g02994.t1	OG1	92.0		
Nvec_v1g236292	OG1	92.0		
Hvul_g21277_1	OG1	92.0		
Sanmal_Sma_010973-T1	OG1	92.0		
Xesp_015376-T1	OG1	92.0		
Hsap_ENST00000611028	OG1	92.0		
Bralan_BLAG07000505_1	OG1	92.0		
Rhoesc_Res_000920-T1	OG1	92.0		
Gfas_gfas1.m1.1471.m1	OG1	92.0		
Xesp_015520-T1	OG1	92.0		
Hsap_ENST00000298223	OG1	92.0		
Acagra_model.g13487.t1.1.5d3b8756	OG1	92.0		
Morvir_scaffold24.g50.t1	OG1	92.0		
Adig_XM_015916031.1	OG1	92.0		
Cscu_XM_023354896.1	OG1	92.0		
Hsap_ENST00000328458	OG1	92.0		
Pocdam_XM_027198970.1	OG1	92.0		
Xesp_015377-T1	OG1	92.0		
Exapal_XM_021049882.2	OG1	92.0		
Fspp_ffun1.m4.21484.m1	OG1	92.0		
Chem_TCONS_00002023	OG1	92.0		
Nemnom_g8009.t1	OG1	92.0		
Hsap_ENST00000312293	OG1	92.0		
Fspp_ffun1.m4.28635.m1	OG1	92.0		
Xesp_015521-T1	OG1	92.0		
Spur_XM_030985731.1	OG1	92.0		
Skow_XM_006818113.1	OG1	92.0		
Spis_XP_022794022_1	OG1	92.0		
Gasp_gasp1.m3.838.m1	OG1	92.0		
Dgig_XM_028546031.1	OG1	92.0		
HoiH11_mRNA2775	OG1	92.0		
TrH2_TrispH2_008725-RA	OG1	92.0		
HoiH23_PlH23_011959-RA	OG1	92.0		
HoiH06_mRNA10592	OG1	92.0		
Tadh_TriadT25295	OG1	92.0		
HoiH04_mRNA6041	OG1	92.0		
Clacor_Ccor_C533143_01	OG2	100.0		
Leuniv_Lniv_scaffold21713_01	OG2	100.0		
Scil_scict018374.1	OG2	100.0		
Lcom_lcpid106419	OG2	100.0		
Xesp_021781-T1	OG3	94.0		
Lcom_lcpid105636	OG3	94.0		
Scil_scict003971.1	OG3	94.0		
Opea_EP00118_Oscarella_pearsei_P027755	OG3	94.0		
Leuniv_Lniv_C809652_01	OG3	94.0		
Spis_Spis5330_1	OG3	94.0		
