gene	orthogroup	orthogroup_support	reference_ortholog	reference_support
Bralan_BLAG09001278_1	OG0	37.0		
Spur_XM_011663536.2	OG0	37.0		
Hsap_ENST00000600980	OG0	37.0		
Hsap_ENST00000258739	OG0	37.0		
Cgig_XM_011429731.3	OG0	37.0		
Lcom_lcpid87881	OG0	37.0		
Acagra_model.g3538.t1	OG0	37.0		
Ctel_gnl_WGS_AMQN_CAPTEDRAFT_mRNA160167	OG0	37.0		
Skow_XM_002733339.2	OG0	37.0		
Aque_Aqu2.1.43334_001	OG1	27.0		
Nvec_v1g236409	OG1	27.0		
Sanmal_Sma_012870-T1	OG1	27.0		
Leuniv_Lniv_C775891_01	OG1	27.0		
Gfas_gfas1.m1.6062.m1	OG1	27.0		
Lcom_lcpid83960	OG1	27.0		
Exapal_XM_021045551.2	OG1	27.0		
Rhoesc_Res_013963-T2	OG1	27.0		
Hvul_g22154_1	OG1	27.0		
Fspp_ffun1.m4.9717.m1	OG1	27.0		
Nemnom_g7433.t1	OG1	27.0		
Spis_XP_022781728_1	OG1	27.0		
Morvir_scaffold256.g16.t1	OG1	27.0		
Gasp_gasp1.m3.29906.m1	OG1	27.0		
Gasp_gasp1.m3.28810.m1	OG1	27.0		
Opea_EP00118_Oscarella_pearsei_P024965	OG1	27.0		
Dgig_XM_028539396.1	OG1	27.0		
Gracom_Gcom_C544088_01	OG1	27.0		
Adig_XM_015904371.1	OG1	27.0		
Pocdam_XM_027193638.1	OG1	27.0		
Aaur_scaffold437.g10.t1	OG1	27.0		
Amil_Amillepora13722-RA	OG1	27.0		
Ocar_g788	OG1	27.0		
Xestes_maker-XT_scaffold179119-augustus-gene-0.22-mRNA-1	OG1	27.0		
Tetwil_g6261.t1	OG1	27.0		
Halamb_c19868_g1_i1m.3495	OG1	27.0		
Stycar_maker-SC_scaffold128-augustus-gene-0.35-mRNA-1	OG1	27.0		
Hsap_ENST00000409006	OG1	27.0		
Spolac_c98016_g1_i2_m.16231c98016-g1	OG1	27.0		
Emue_Em0020g1085a.t1	OG1	27.0		
Cscu_XM_023381858.1	OG2	20.0		
HoiH04_mRNA17880	OG2	20.0		
Tcas_TC005303_001	OG2	20.0		
Hhon_g01640.t1	OG2	20.0		
HoiH11_mRNA3000	OG2	20.0		
TrH2_TrispH2_002250-RA	OG2	20.0		
Lcom_lcpid168826	OG2	20.0		
HoiH23_PlH23_000992-RA	OG2	20.0		
Tadh_TriadT21182	OG2	20.0		
HoiH06_mRNA4347	OG2	20.0		
Dpul_mRNA19005	OG2	20.0		
Clacor_Ccor_scaffold13926_01	OG3	23.0		
Horcal_Hcv1.av93.c6.g21.i1	OG3	23.0		
Lcom_lcpid133636	OG3	23.0		
Beraby_Baby_sb341689	OG3	23.0		
Pbac_sb2663900	OG3	23.0		
Pbac_sb2668327	OG3	23.0		
Vmul_sbMO439998	OG3	23.0		
Mlei_ML4094.g2.i1	OG3	23.0		
Horcal_Hcv1.av93.c6.g20.i1	OG3	23.0		
Coeast_Cast_sb792935	OG3	23.0		
Bolinf_Binf_sb1268491	OG3	23.0		
Coeast_Cast_sb792939	OG3	23.0		
Drygla_Dgla_sb301161	OG3	23.0		
Horcal_Hcv1.av93.c6.g21.i3	OG3	23.0		
Eupdun_Edun_sb10648003	OG3	23.0		
Coemet_Cmet_C599003_01	OG3	23.0		
Lampan_Lpan_16048_01	OG3	23.0		
