gene	orthogroup	orthogroup_support	reference_ortholog	reference_support
Lcom_lcpid109896	OG0	37.0		
Eupdun_Edun_sb10625240	OG0	37.0		
Ctel_gnl_WGS_AMQN_CAPTEDRAFT_mRNA111242	OG1	43.0		
Clacor_Ccor_scaffold11688_01	OG1	43.0		
Clacor_Ccor_C535745_01	OG1	43.0		
Scil_scict026169.4	OG1	43.0		
Hsap_ENST00000519357	OG1	43.0		
Gracom_Gcom_scaffold18773_01	OG1	43.0		
Lcom_lcpid58647	OG1	43.0		
Leuniv_Lniv_C791082_01	OG1	43.0		
Spis_XP_022801256_1	OG1	43.0		
Tadh_TriadT5393	OG1	43.0		
Opea_EP00118_Oscarella_pearsei_P009192	OG1	43.0		
HoiH11_mRNA9183	OG1	43.0		
Plajan_Pjan_C547013_01	OG1	43.0		
Gasp_gasp1.m3.31474.m1	OG1	43.0		
Tcas_TC034075_003	OG2	88.0		
Aaur_scaffold1245.g6.t2	OG2	88.0		
Dgig_XM_028537975.1	OG2	88.0		
Amil_Amillepora19619-RA	OG2	88.0		
Hvul_g530_1	OG2	88.0		
Exapal_XM_021061323.2	OG2	88.0		
Adig_XM_015905044.1	OG2	88.0		
Sanmal_Sma_020683-T1	OG2	88.0		
Gasp_gasp1.m3.18870.m1	OG2	88.0		
Nemnom_g4089.t1	OG2	88.0		
Morvir_scaffold64.g70.t1	OG2	88.0		
Nvec_v1g166263	OG2	88.0		
Xesp_012815-T1	OG2	88.0		
Rhoesc_Res_010041-T1	OG2	88.0		
Spis_XP_022780135_1	OG2	88.0		
Chem_TCONS_00028727	OG2	88.0		
Pocdam_XM_027191037.1	OG2	88.0		
Gfas_gfas1.m1.21919.m1	OG2	88.0		
Fspp_ffun1.m4.15570.m1	OG2	88.0		
Exapal_XM_021061324.2	OG2	88.0		
Hsap_ENST00000328089	OG2	88.0		
Hsap_ENST00000310546	OG2	88.0		
Ctel_gnl_WGS_AMQN_CAPTEDRAFT_mRNA108261	OG2	88.0		
Skow_XM_002734310.2	OG2	88.0		
Cscu_XM_023387688.1	OG2	88.0		
Bralan_BLAG11001015_1	OG2	88.0		
Acagra_model.g29999.t1.1.5d3b8cd2	OG2	88.0		
Dpul_mRNA14843	OG2	88.0		
Cgig_XM_034443011.1	OG2	88.0		
Acagra_model.g29999.t1	OG2	88.0		
Spur_XM_003728750.3	OG2	88.0		
Lcom_lcpid89826	OG3	1.0		
