gene	orthogroup	orthogroup_support	reference_ortholog	reference_support
Clacor_Ccor_scaffold8369_01	OG0	99.0		
Leuniv_Lniv_scaffold9714_01	OG0	99.0		
Leuniv_Lniv_C791258_01	OG0	99.0		
Gracom_Gcom_scaffold13642_01	OG0	99.0		
Lcom_lcpid85507	OG0	99.0		
Lcom_lcpid227900	OG1	88.0		
Cscu_XM_023365358.1	OG1	88.0		
Bralan_BLAG01001410_1	OG1	88.0		
HoiH06_mRNA6701	OG1	88.0		
Tcas_TC015316_001	OG1	88.0		
Exapal_XM_021037952.2	OG1	88.0		
Dgig_XM_028544785.1	OG1	88.0		
HoiH23_PlH23_000603-RA	OG1	88.0		
Gasp_gasp1.m3.18562.m1	OG1	88.0		
Spis_XP_022803058_1	OG1	88.0		
Gfas_gfas1.m1.6540.m1	OG1	88.0		
Xestes_maker-XT_scaffold146250-augustus-gene-0.16-mRNA-1	OG1	88.0		
Aque_Aqu2.1.34375_001	OG1	88.0		
Plespi_Pspi_scaffold1010_01	OG1	88.0		
TrH2_TrispH2_006868-RA	OG1	88.0		
HoiH04_mRNA10309	OG1	88.0		
Dpul_mRNA1094	OG1	88.0		
Sanmal_Sma_019360-T1	OG1	88.0		
Morvir_scaffold97.g59.t1	OG1	88.0		
Halamb_c49866_g1_i1m.27091	OG1	88.0		
Hsap_ENST00000261714	OG1	88.0		
HoiH11_mRNA6635	OG1	88.0		
Adig_XM_015915619.1	OG1	88.0		
Amil_Amillepora22033-RA	OG1	88.0		
Spur_XM_011681285.2	OG1	88.0		
Tadh_TriadT28626	OG1	88.0		
Hhon_g09888.t1	OG1	88.0		
Pocdam_XM_027192166.1	OG1	88.0		
TrH2_TrispH2_006869-RA	OG1	88.0		
Cgig_XM_011416910.3	OG1	88.0		
Rhoesc_Res_006380-T1	OG1	88.0		
Nvec_v1g86594	OG1	88.0		
Skow_XM_006820061.1	OG1	88.0		
Fspp_ffun1.m4.14594.m1	OG1	88.0		
Lcom_lcpid150215	OG2	1.0		
