gene	orthogroup	orthogroup_support	reference_ortholog	reference_support
Chem_TCONS_00050913	OG0	92.0		
Sanmal_Sma_018785-T1	OG0	92.0		
Nemnom_g7814.t1	OG0	92.0		
Morvir_scaffold40.g27.t1	OG0	92.0		
Aaur_scaffold1614.g6.t2	OG0	92.0		
Rhoesc_Res_007034-T1	OG0	92.0		
Rhoesc_Res_007035-T1	OG0	92.0		
Rhoesc_Res_007820-T1	OG0	92.0		
Hvul_g27209_1	OG0	92.0		
Rhoesc_Res_010173-T1	OG1	92.0		
HoiH06_mRNA15042	OG1	92.0		
Acagra_model.g14577.t1	OG1	92.0		
Spur_XM_030975050.1	OG1	92.0		
Adig_XM_015923782.1	OG1	92.0		
Gfas_gfas1.m1.20351.m1	OG1	92.0		
TrH2_TrispH2_011193-RA	OG1	92.0		
Scil_scict018397.1	OG1	92.0		
HoiH23_PlH23_010709-RA	OG1	92.0		
Xesp_004471-T1	OG1	92.0		
Exapal_XM_021053979.2	OG1	92.0		
Pocdam_XM_027201210.1	OG1	92.0		
Adig_XM_015923783.1	OG1	92.0		
Spur_XM_030992119.1	OG1	92.0		
Gasp_gasp1.m3.21620.m1	OG1	92.0		
Amil_Amillepora22434-RA	OG1	92.0		
Skow_XM_006823288.1	OG1	92.0		
Hhon_g06542.t1	OG1	92.0		
Leuniv_Lniv_C806968_01	OG1	92.0		
Leuniv_Lniv_scaffold10392_01	OG1	92.0		
Hsap_ENST00000292616	OG1	92.0		
Bralan_BLAG01001394_1	OG1	92.0		
Adig_XM_015924054.1	OG1	92.0		
HoiH04_mRNA8790	OG1	92.0		
Cscu_XM_023362839.1	OG1	92.0		
Gracom_Gcom_scaffold19202_01	OG1	92.0		
HoiH11_mRNA99	OG1	92.0		
Lcom_lcpid33464	OG1	92.0		
Ctel_gnl_WGS_AMQN_CAPTEDRAFT_mRNA220091	OG1	92.0		
Cgig_XM_011425687.3	OG1	92.0		
Gfas_gfas1.m1.8441.m1	OG1	92.0		
Nvec_v1g239321	OG1	92.0		
Scil_scict023619.3	OG1	92.0		
Dgig_XM_028544873.1	OG1	92.0		
Spis_XP_022794259_1	OG1	92.0		
Acagra_model.g14578.t1	OG1	92.0		
Fspp_ffun1.m4.9082.m1	OG1	92.0		
