gene	orthogroup	orthogroup_support	reference_ortholog	reference_support
Acagra_model.g1919.t1	OG0	1.0		
Amil_Amillepora09986-RA	OG0	1.0		
HoiH04_mRNA7842	OG0	1.0		
Aque_Aqu2.1.39659_001	OG0	1.0		
Pocdam_XM_027201658.1	OG0	1.0		
Emue_Em0006g1557a.t1	OG0	1.0		
HoiH11_mRNA4764	OG0	1.0		
Hhon_g03693.t1	OG0	1.0		
Tcas_TC031495_001	OG0	1.0		
Scil_scict002502.1	OG0	1.0		
Sanmal_Sma_022860-T1	OG0	1.0		
Leuniv_Lniv_C805988_01	OG0	1.0		
Aaur_scaffold2249.g1.t1	OG0	1.0		
Tadh_wf_g602.t1	OG0	1.0		
Tetwil_g25612.t1	OG0	1.0		
Spur_XM_030976650.1	OG0	1.0		
Morvir_scaffold15.g105.t2	OG0	1.0		
HoiH06_mRNA2281	OG0	1.0		
Hsap_ENST00000377648	OG0	1.0		
Skow_XM_002736607.2	OG0	1.0		
Lcom_lcpid126861	OG0	1.0		
Exapal_XM_021048270.2	OG0	1.0		
Gracom_Gcom_scaffold2899_01	OG0	1.0		
Xesp_021922-T1	OG0	1.0		
Dgig_XM_028543986.1	OG0	1.0		
Nvec_v1g233661	OG0	1.0		
Rhoesc_Res_004037-T1	OG0	1.0		
HoiH23_PlH23_002095-RA	OG0	1.0		
Cgig_XM_011440356.3	OG0	1.0		
Bralan_BLAG12000366_1	OG0	1.0		
Halamb_c47406_g1_i2mm.2249	OG0	1.0		
TrH2_TrispH2_003174-RA	OG0	1.0		
Opea_EP00118_Oscarella_pearsei_P002968	OG0	1.0		
Plajan_Pjan_C545493_01	OG0	1.0		
Nemnom_g1608.t1	OG0	1.0		
Spis_XP_022807547_1	OG0	1.0		
Fspp_ffun1.m4.33802.m1	OG0	1.0		
Clacor_Ccor_C539067_01	OG0	1.0		
Spolac_c102910_g1_i2_m.31592c102910-g1	OG0	1.0		
Dpul_mRNA19873	OG0	1.0		
Gasp_gasp1.m3.7976.m1	OG0	1.0		
Gfas_gfas1.m1.3433.m1	OG0	1.0		
Adig_XM_015922845.1	OG0	1.0		
Hsap_ENST00000320316	OG0	1.0		
Tetwil_g26915.t1	OG1	1.0		
