gene	orthogroup	orthogroup_support	reference_ortholog	reference_support
Plajan_Pjan_C538600_01	OG0	45.0		
Gracom_Gcom_scaffold13448_01	OG0	45.0		
Lcom_lcpid120552	OG0	45.0		
Scil_scict018406.1	OG0	45.0		
Dpul_mRNA8830	OG0	45.0		
Tetwil_g9385.t1	OG1	45.0		
Tcas_TC033110_001	OG1	45.0		
Spis_XP_022779175_1	OG1	45.0		
Cgig_XM_011444902.3	OG1	45.0		
Hsap_ENST00000375915	OG1	45.0		
Exapal_XM_021057845.2	OG1	45.0		
Gfas_gfas1.m1.19419.m1	OG1	45.0		
Nemnom_g17908.t1	OG1	45.0		
HoiH23_PlH23_005062-RA	OG1	45.0		
Dpul_mRNA8832	OG1	45.0		
Skow_XM_006822888.1	OG1	45.0		
Morvir_scaffold13.g30.t1	OG1	45.0		
HoiH04_mRNA14209	OG1	45.0		
Fspp_ffun1.m4.18868.m1	OG1	45.0		
Chem_TCONS_00072625	OG1	45.0		
Pocdam_XM_027191875.1	OG1	45.0		
TrH2_TrispH2_000805-RA	OG1	45.0		
Adig_XM_015894253.1	OG1	45.0		
Amil_Amillepora24330-RA	OG1	45.0		
Rhoesc_Res_007941-T1	OG1	45.0		
Sanmal_Sma_015251-T1	OG1	45.0		
Xesp_014299-T1	OG1	45.0		
Gasp_gasp1.m3.21909.m1	OG1	45.0		
Bralan_BLAG14000429_1	OG1	45.0		
Dgig_XM_028549909.1	OG1	45.0		
Cscu_XM_023370657.1	OG1	45.0		
Hsap_ENST00000252338	OG1	45.0		
HoiH06_mRNA963	OG1	45.0		
Tadh_TriadT60244	OG1	45.0		
Opea_EP00118_Oscarella_pearsei_P008556	OG1	45.0		
Hhon_g06349.t1	OG1	45.0		
Aque_Aqu2.1.41101_001	OG1	45.0		
Stycar_augustus_masked-SC_scaffold4521-processed-gene-0.1-mRNA-1	OG1	45.0		
