gene	orthogroup	orthogroup_support	reference_ortholog	reference_support
Morvir_scaffold148.g13.t1	OG0	79.0		
Tcas_TC013737_001	OG0	79.0		
Bralan_BLAG10000761_1	OG0	79.0		
Pocdam_XM_027193165.1	OG0	79.0		
Nvec_v1g97345	OG0	79.0		
Spur_XM_030990330.1	OG0	79.0		
Xesp_010019-T1	OG0	79.0		
Acagra_model.g20182.t1.1.5d3b89f7	OG0	79.0		
Adig_XM_015922606.1	OG0	79.0		
Amil_Amillepora12828-RA	OG0	79.0		
Lcom_lcpid253158	OG0	79.0		
Cgig_XM_011445095.3	OG0	79.0		
Cscu_XM_023369062.1	OG0	79.0		
Fspp_ffun1.m4.10685.m1	OG0	79.0		
Gfas_gfas1.m1.12532.m1	OG0	79.0		
Dgig_XM_028547398.1	OG0	79.0		
Exapal_XM_028663330.1	OG0	79.0		
Hsap_ENST00000344458	OG0	79.0		
Skow_XM_006819026.1	OG0	79.0		
Gasp_gasp1.m3.18534.m1	OG0	79.0		
Sanmal_Sma_005343-T1	OG0	79.0		
Rhoesc_Res_005843-T1	OG0	79.0		
Nemnom_g12864.t1	OG0	79.0		
TrH2_TrispH2_007793-RA	OG1	79.0		
Hvul_g27783_1	OG1	79.0		
Spis_XP_022802975_1	OG1	79.0		
Sanmal_Sma_025191-T1	OG1	79.0		
Chem_TCONS_00019038	OG1	79.0		
Amil_Amillepora10839-RA	OG1	79.0		
Exapal_XM_021059956.2	OG1	79.0		
Gfas_gfas1.m1.23594.m1	OG1	79.0		
Adig_XM_015899363.1	OG1	79.0		
Fspp_ffun1.m4.3529.m1	OG1	79.0		
Nvec_v1g25854	OG1	79.0		
Dgig_XM_028536373.1	OG1	79.0		
Gasp_gasp1.m3.14857.m1	OG1	79.0		
Rhoesc_Res_010670-T1	OG1	79.0		
Xesp_028503-T1	OG1	79.0		
Nemnom_g14897.t1	OG1	79.0		
Morvir_scaffold17.g36.t1	OG1	79.0		
HoiH11_mRNA1852	OG1	79.0		
Hhon_g06766.t1	OG1	79.0		
Tadh_TriadT63705	OG1	79.0		
HoiH23_PlH23_005080-RA	OG1	79.0		
HoiH06_mRNA1429	OG1	79.0		
HoiH04_mRNA13926	OG1	79.0		
