gene	orthogroup	orthogroup_support	reference_ortholog	reference_support
Skow_XM_002731523.2	OG0	1.0		
Chem_TCONS_00014669	OG0	1.0		
HoiH23_PlH23_005139-RA	OG0	1.0		
Adig_XM_015908162.1	OG0	1.0		
Tetwil_g8681.t1	OG0	1.0		
Dgig_XM_028553910.1	OG0	1.0		
Spolac_c95851_g1_i1_m.12133c95851-g1	OG0	1.0		
Aque_Aqu2.1.35275_001	OG0	1.0		
Morvir_scaffold872.g1.t1	OG0	1.0		
Hhon_g03620.t1	OG0	1.0		
Xesp_028949-T1	OG0	1.0		
Amil_Amillepora09858-RA	OG0	1.0		
TrH2_TrispH2_006658-RA	OG0	1.0		
Rhoesc_Res_001729-T1	OG0	1.0		
Hvul_g32227_1	OG0	1.0		
Fspp_ffun1.m4.27849.m1	OG0	1.0		
Spis_XP_022791034_1	OG0	1.0		
HoiH11_mRNA161	OG0	1.0		
Nemnom_g2378.t1	OG0	1.0		
Gfas_gfas1.m1.17270.m1	OG0	1.0		
Tadh_TriadT57278	OG0	1.0		
Sanmal_Sma_027610-T1	OG0	1.0		
Pocdam_XM_027182986.1	OG0	1.0		
Emue_Em0019g764a.t1	OG0	1.0		
Aaur_scaffold42.g10.t1	OG0	1.0		
HoiH04_mRNA11843	OG0	1.0		
Nvec_v1g238610	OG0	1.0		
Tcas_TC012336_001	OG0	1.0		
Spur_XM_030998980.1	OG0	1.0		
Scil_scict023999.1	OG0	1.0		
Hsap_ENST00000366528	OG0	1.0		
Dpul_mRNA2606	OG0	1.0		
Cscu_XM_023362581.1	OG0	1.0		
Bralan_BLAG04000922_1	OG0	1.0		
