gene	orthogroup	orthogroup_support	reference_ortholog	reference_support
Tadh_TriadT55689	OG0	35.0		
Spolac_c90341_g2_i2_m.6262c90341-g1	OG0	35.0		
Emue_Em0018g994a.t1	OG0	35.0		
Opea_EP00118_Oscarella_pearsei_P004896	OG0	35.0		
Halamb_c44273_g1_i1mm.1419	OG0	35.0		
Plajan_Pjan_C557921_01	OG0	35.0		
Spolac_c90341_g2_i1_m.6261c90341-g1	OG0	35.0		
Tetwil_g20929.t1	OG0	35.0		
Stycar_maker-SC_scaffold1822-snap-gene-0.20-mRNA-1	OG0	35.0		
Hvul_g24650_1	OG0	35.0		
Aque_Aqu2.1.38769_001	OG0	35.0		
HoiH23_PlH23_002803-RA	OG0	35.0		
Cgig_XM_011419690.3	OG0	35.0		
Pbac_sb2669079	OG0	35.0		
TrH2_TrispH2_001580-RA	OG0	35.0		
Hhon_g08220.t1	OG0	35.0		
HoiH04_mRNA11136	OG0	35.0		
Morvir_scaffold78.g16.t1	OG1	35.0		
Rhoesc_Res_010632-T1	OG1	35.0		
Cgig_XM_011453805.3	OG1	35.0		
Skow_XM_002738975.2	OG1	35.0		
Tcas_TC011542_001	OG1	35.0		
Amil_Amillepora31845-RA	OG1	35.0		
Sanmal_Sma_024866-T1	OG1	35.0		
Acagra_model.g29571.t1.1.5d3b8caa	OG1	35.0		
Bralan_BLAG07001132_1	OG1	35.0		
Gasp_gasp1.m3.28364.m1	OG1	35.0		
Ctel_gnl_WGS_AMQN_CAPTEDRAFT_mRNA221733	OG1	35.0		
Cscu_XM_023375939.1	OG1	35.0		
Nvec_v1g200334	OG1	35.0		
Pocdam_XM_027183870.1	OG1	35.0		
Nemnom_g18180.t1	OG1	35.0		
Hsap_ENST00000299575	OG1	35.0		
Fspp_ffun1.m4.33369.m1	OG1	35.0		
Dpul_mRNA15566	OG1	35.0		
Exapal_XM_021059848.2	OG1	35.0		
Adig_XM_015896225.1	OG1	35.0		
Spis_XP_022795985_1	OG1	35.0		
Gfas_gfas1.m1.8215.m1	OG1	35.0		
Xesp_005224-T1	OG1	35.0		
Dgig_XM_028554122.1	OG1	35.0		
