gene	orthogroup	orthogroup_support	reference_ortholog	reference_support
Lcom_lcpid171302	OG0	100.0		
Lcom_lcpid163818	OG0	100.0		
HoiH04_mRNA4056	OG1	100.0		
Lcom_lcpid115271	OG1	100.0		
Dgig_XM_028538173.1	OG1	100.0		
Pbac_sb2656492	OG1	100.0		
Gfas_gfas1.m1.19376.m1	OG1	100.0		
Skow_NM_001171229.1	OG1	100.0		
Cgig_XM_034481529.1	OG1	100.0		
Adig_XM_015896425.1	OG1	100.0		
Horcal_Hcv1.av93.c4.g753.i1	OG1	100.0		
Lcom_lcpid155268	OG1	100.0		
Lcom_lcpid189772	OG1	100.0		
Sanmal_Sma_020093-T1	OG1	100.0		
Bralan_BLAG11000168_1	OG1	100.0		
Nemnom_g4183.t1	OG1	100.0		
Gasp_gasp1.m3.16372.m1	OG1	100.0		
Exapal_XM_021061308.2	OG1	100.0		
Spis_XP_022783922_1	OG1	100.0		
Morvir_scaffold467.g3.t1	OG1	100.0		
Ctel_gnl_WGS_AMQN_CAPTEDRAFT_mRNA21814	OG1	100.0		
Rhoesc_Res_010187-T1	OG1	100.0		
Scil_scict013441.1	OG1	100.0		
Pocdam_XM_027191415.1	OG1	100.0		
Leuniv_Lniv_C793324_01	OG1	100.0		
Tcas_TC030688_001	OG1	100.0		
Hsap_ENST00000302386	OG1	100.0		
Acagra_model.g30047.t1	OG1	100.0		
Opea_EP00118_Oscarella_pearsei_P024529	OG1	100.0		
Nvec_v1g165338	OG1	100.0		
Spur_XM_011684963.2	OG1	100.0		
Cscu_XM_023380063.1	OG1	100.0		
Chem_TCONS_00013894	OG1	100.0		
Lcom_lcpid169352	OG1	100.0		
Mlei_ML0252.g6.i1	OG1	100.0		
Lcom_lcpid103709	OG1	100.0		
Fspp_ffun1.m4.5971.m1	OG1	100.0		
Xesp_012684-T1	OG1	100.0		
Hsap_ENST00000421801	OG1	100.0		
HoiH11_mRNA3356	OG1	100.0		
TrH2_TrispH2_010863-RA	OG1	100.0		
Tadh_TriadT37901	OG1	100.0		
HoiH06_mRNA7718	OG1	100.0		
HoiH23_PlH23_006385-RA	OG1	100.0		
