gene	orthogroup	orthogroup_support	reference_ortholog	reference_support
Horcal_Hcv1.av93.c9.g701.i1	OG0	61.0		
Aaur_scaffold738.g25.t1	OG0	61.0		
Pbac_sb2666562	OG1	17.0		
Fspp_ffun1.m4.3984.m1	OG1	17.0		
Cscu_XM_023388744.1	OG1	17.0		
Ctel_gnl_WGS_AMQN_CAPTEDRAFT_mRNA6295	OG1	17.0		
Plajan_Pjan_C565784_01	OG1	17.0		
Cgig_XM_011447547.3	OG1	17.0		
Vmul_sbMO425989	OG1	17.0		
Gfas_gfas1.m1.16727.m1	OG1	17.0		
Gasp_gasp1.m3.11854.m1	OG1	17.0		
Sanmal_Sma_011185-T1	OG1	17.0		
Dgig_XM_028543480.1	OG1	17.0		
Mlei_ML2835.g1.i1	OG1	17.0		
Dpul_mRNA27660	OG1	17.0		
Bralan_BLAG13000473_1	OG1	17.0		
Rhoesc_Res_000186-T1	OG1	17.0		
Hsap_ENST00000398075	OG1	17.0		
Coemet_Cmet_scaffold19835_01	OG1	17.0		
Dpul_mRNA19535	OG1	17.0		
Ctel_gnl_WGS_AMQN_CAPTEDRAFT_mRNA165878	OG1	17.0		
Dgig_XM_028543395.1	OG1	17.0		
Exapal_XM_021047867.2	OG1	17.0		
Cgig_XM_020070631.2	OG1	17.0		
Mertsp_Mesp_sb568043	OG1	17.0		
Dgig_XM_028545818.1	OG1	17.0		
Morvir_scaffold57.g52.t1	OG1	17.0		
Spis_XP_022798312_1	OG1	17.0		
Aaur_scaffold362.g18.t1	OG1	17.0		
Xesp_014431-T1	OG1	17.0		
Spur_XM_011683171.2	OG1	17.0		
Beraby_Baby_sb337321	OG1	17.0		
Adig_XM_015915165.1	OG1	17.0		
Tcas_TC007644_001	OG1	17.0		
Nvec_v1g79669	OG1	17.0		
Cgig_XM_034471453.1	OG1	17.0		
Hvul_g869_1	OG1	17.0		
Chem_TCONS_00073145	OG1	17.0		
Pocdam_XM_027183223.1	OG1	17.0		
Lampan_Lpan_3468_01	OG1	17.0		
Bolinf_Binf_sb1231624	OG1	17.0		
Drygla_Dgla_sb288401	OG1	17.0		
Chem_TCONS_00018868	OG1	17.0		
Mertsp_Mesp_sb568042	OG1	17.0		
Nemnom_g16393.t1	OG1	17.0		
Clacor_Ccor_C525965_01	OG1	17.0		
Pbac_sb2666561	OG2	1.0		
