gene	orthogroup	orthogroup_support	reference_ortholog	reference_support
Hvul_g23296_1	OG0	1.0		
Xesp_022121-T1	OG0	1.0		
Spis_XP_022798373_1	OG0	1.0		
Morvir_scaffold188.g35.t1	OG0	1.0		
Chem_TCONS_00023949	OG0	1.0		
HoiH23_PlH23_010045-RA	OG0	1.0		
Xesp_022106-T1	OG0	1.0		
Spur_XM_003726002.3	OG0	1.0		
Xesp_022116-T1	OG0	1.0		
Pocdam_XM_027183071.1	OG0	1.0		
Pocdam_XM_027183083.1	OG0	1.0		
Nvec_v1g80394	OG0	1.0		
Dgig_XM_028537331.1	OG0	1.0		
Cscu_XM_023368088.1	OG0	1.0		
Spis_XP_022798377_1	OG0	1.0		
Amil_Amillepora26583-RA	OG0	1.0		
Fspp_ffun1.m4.14104.m1	OG0	1.0		
Tcas_TC015928_001	OG0	1.0		
Spis_XP_022798368_1	OG0	1.0		
Exapal_XM_021056278.2	OG0	1.0		
Dpul_mRNA6312	OG0	1.0		
Exapal_XM_021056281.2	OG0	1.0		
TrH2_TrispH2_003385-RA	OG0	1.0		
Bralan_BLAG04001902_1	OG0	1.0		
Gfas_gfas1.m1.785.m1	OG0	1.0		
Tadh_TriadT51739	OG0	1.0		
Gasp_gasp1.m3.4133.m1	OG0	1.0		
Adig_XM_015905832.1	OG0	1.0		
Xesp_022100-T1	OG0	1.0		
Xesp_017090-T1	OG0	1.0		
Ctel_gnl_WGS_AMQN_CAPTEDRAFT_mRNA70959	OG0	1.0		
Acagra_model.g2289.t1	OG0	1.0		
Skow_XM_002741136.2	OG0	1.0		
Gasp_gasp1.m3.4135.m1	OG0	1.0		
Pocdam_XM_027183094.1	OG0	1.0		
Adig_XM_015905830.1	OG0	1.0		
Sanmal_Sma_025122-T1	OG0	1.0		
Fspp_ffun1.m4.14099.m1	OG0	1.0		
Xesp_022099-T1	OG0	1.0		
Rhoesc_Res_017668-T1	OG0	1.0		
Fspp_ffun1.m4.14100.m1	OG0	1.0		
Nvec_v1g80927	OG0	1.0		
Mlei_ML0144.g16.i1	OG0	1.0		
Vmul_SimC385640	OG0	1.0		
Lampan_Lpan_C401181_01	OG0	1.0		
Pbac_sb2642249	OG0	1.0		
Coemet_Cmet_C592153_01	OG0	1.0		
