gene	orthogroup	orthogroup_support	reference_ortholog	reference_support
Tcas_TC013591_001	OG0	70.0		
Spur_XM_030975378.1	OG0	70.0		
Skow_XM_006823569.1	OG0	70.0		
Bralan_BLAG07000860_1	OG0	70.0		
Hsap_ENST00000645214	OG0	70.0		
Cgig_NM_001305361.1	OG0	70.0		
Ctel_gnl_WGS_AMQN_CAPTEDRAFT_mRNA162669	OG0	70.0		
Acagra_model.g29546.t1	OG0	70.0		
Mlei_ML1154.g10.i1	OG0	70.0		
Cscu_XM_023370099.1	OG0	70.0		
Dpul_mRNA15714	OG0	70.0		
Spolac_c100508_g1_i1_m.22675c100508-g1	OG1	70.0		
Spis_XP_022786746_1	OG1	70.0		
Gasp_gasp1.m3.17812.m1	OG1	70.0		
Nemnom_g18219.t1	OG1	70.0		
Lcom_lcpid130719	OG1	70.0		
Chem_TCONS_00023432	OG1	70.0		
Pocdam_XM_027202794.1	OG1	70.0		
Adig_XM_015899661.1	OG1	70.0		
Exapal_XM_021055321.2	OG1	70.0		
Lcom_lcpid155651	OG1	70.0		
Aaur_scaffold388.g4.t1	OG1	70.0		
Gfas_gfas1.m1.10026.m1	OG1	70.0		
Amil_Amillepora10756-RA	OG1	70.0		
Rhoesc_Res_010595-T1	OG1	70.0		
Nvec_v1g213557	OG1	70.0		
Xesp_007024-T1	OG1	70.0		
Morvir_scaffold64.g80.t1	OG1	70.0		
Dgig_XM_028536200.1	OG1	70.0		
Fspp_ffun1.m4.5065.m1	OG1	70.0		
Lcom_lcpid165326	OG1	70.0		
Mlei_ML1430.g27.i1	OG1	70.0		
HoiH04_mRNA14836	OG1	70.0		
HoiH23_PlH23_000751-RA	OG1	70.0		
Spolac_c95083_g1_i1_m.10936c95083-g1	OG1	70.0		
TrH2_TrispH2_000207-RA	OG1	70.0		
Clacor_Ccor_C541979_01	OG1	70.0		
Tadh_TriadT52550	OG1	70.0		
HoiH06_mRNA1369	OG1	70.0		
Hhon_g04494.t1	OG1	70.0		
