gene	orthogroup	orthogroup_support	reference_ortholog	reference_support
Opea_EP00118_Oscarella_pearsei_P025114	OG0	1.0		
Amil_Amillepora26145-RA	OG0	1.0		
Xesp_000622-T1	OG0	1.0		
Plespi_Pspi_scaffold17492_01	OG0	1.0		
Adig_XM_015892934.1	OG0	1.0		
Hvul_g23825_1	OG0	1.0		
Gasp_gasp1.m3.17841.m1	OG0	1.0		
Nemnom_g12730.t1	OG0	1.0		
Exapal_XM_021060085.2	OG0	1.0		
Pocdam_XM_027187430.1	OG0	1.0		
Sanmal_Sma_011690-T1	OG0	1.0		
Morvir_scaffold47.g63.t1	OG0	1.0		
Chem_TCONS_00065280	OG0	1.0		
Dgig_XM_028557677.1	OG0	1.0		
Fspp_ffun1.m4.33977.m1	OG0	1.0		
Chem_TCONS_00024759	OG0	1.0		
Gfas_gfas1.m1.19246.m1	OG0	1.0		
Spis_XP_022806932_1	OG0	1.0		
Nvec_v1g236608	OG0	1.0		
HoiH11_mRNA5141	OG0	1.0		
Skow_XM_002738278.2	OG0	1.0		
Cgig_XM_034458178.1	OG0	1.0		
TrH2_TrispH2_001418-RA	OG0	1.0		
Tcas_TC016273_001	OG0	1.0		
Hhon_g03524.t1	OG0	1.0		
Plajan_Pjan_C549317_01	OG0	1.0		
Bralan_BLAG13000596_1	OG0	1.0		
Hsap_ENST00000262817	OG0	1.0		
Acagra_model.g12000.t1.1.5d3b86ce	OG0	1.0		
Spur_XM_793006.5	OG0	1.0		
Cscu_XM_023374502.1	OG0	1.0		
HoiH06_mRNA482	OG0	1.0		
Tadh_TriadT64064	OG0	1.0		
HoiH04_mRNA6648	OG0	1.0		
HoiH23_PlH23_011400-RA	OG0	1.0		
Hsap_ENST00000234831	OG0	1.0		
