gene	orthogroup	orthogroup_support	reference_ortholog	reference_support
Nvec_v1g115549	OG0	34.0		
Hhon_g06378.t1	OG0	34.0		
HoiH04_mRNA16287	OG0	34.0		
Tadh_TriadT56814	OG0	34.0		
HoiH23_PlH23_008720-RA	OG0	34.0		
TrH2_TrispH2_006126-RA	OG0	34.0		
Plajan_Pjan_C567184_01	OG1	34.0		
Fspp_ffun1.m4.24234.m1	OG1	34.0		
Dgig_XM_028543380.1	OG1	34.0		
Xesp_007077-T1	OG1	34.0		
Adig_XM_015901525.1	OG1	34.0		
Amil_Amillepora11587-RA	OG1	34.0		
Exapal_XM_021040172.2	OG1	34.0		
Hvul_g28332_1	OG1	34.0		
Xesp_001315-T1	OG1	34.0		
Chem_TCONS_00071054	OG1	34.0		
Gfas_gfas1.m1.20599.m1	OG1	34.0		
Pocdam_XM_027184560.1	OG1	34.0		
Gasp_gasp1.m3.27383.m1	OG1	34.0		
Nvec_NVE12354	OG1	34.0		
Nemnom_g15774.t1	OG1	34.0		
Spis_XP_022791854_1	OG1	34.0		
Morvir_scaffold24.g74.t1	OG1	34.0		
Rhoesc_Res_005310-T1	OG1	34.0		
Sanmal_Sma_005792-T1	OG1	34.0		
Gasp_gasp1.m1b.37941.m1	OG1	34.0		
Dgig_XM_028552985.1	OG1	34.0		
Xesp_001316-T1	OG1	34.0		
Xesp_007078-T1	OG1	34.0		
Spur_XM_011672316.2	OG1	34.0		
Leuniv_Lniv_scaffold22372_01	OG1	34.0		
Cscu_XM_023378440.1	OG1	34.0		
Clacor_Ccor_C539825_01	OG1	34.0		
Lcom_lcpid30225	OG1	34.0		
Lcom_lcpid35969	OG1	34.0		
Hsap_ENST00000306688	OG1	34.0		
Cscu_XM_023362208.1	OG1	34.0		
Gracom_Gcom_scaffold16319_01	OG1	34.0		
Bralan_BLAG09000556_1	OG1	34.0		
Skow_XM_002731066.2	OG1	34.0		
Acagra_model.g4079.t1	OG1	34.0		
Lcom_lcpid71364	OG1	34.0		
Cgig_XM_011445610.3	OG1	34.0		
Cscu_XM_023378445.1	OG1	34.0		
