gene	orthogroup	orthogroup_support	reference_ortholog	reference_support
Lcom_lcpid247630	OG0	69.0		
Morvir_scaffold245.g40.t1	OG0	69.0		
Aaur_scaffold1214.g4.t1	OG0	69.0		
Hvul_g4561_1	OG0	69.0		
Rhoesc_Res_006340-T1	OG0	69.0		
Nemnom_g5208.t1	OG0	69.0		
Sanmal_Sma_018879-T1	OG0	69.0		
Ocar_g2095	OG1	28.0		
Lcom_lcpid206371	OG1	28.0		
Lcom_lcpid182519	OG1	28.0		
Skow_XM_002730342.2	OG1	28.0		
Hsap_ENST00000280557	OG1	28.0		
Dpul_mRNA29348	OG1	28.0		
Cscu_XM_023362342.1	OG1	28.0		
Spur_XM_003727483.3	OG1	28.0		
Acagra_model.g14670.t1	OG1	28.0		
Tcas_TC006559_001	OG1	28.0		
Bralan_BLAG01001649_1	OG1	28.0		
Ctel_gnl_WGS_AMQN_CAPTEDRAFT_mRNA152798	OG1	28.0		
Cgig_XM_011443118.3	OG1	28.0		
Plajan_Pjan_C522756_01	OG1	28.0		
Opea_EP00118_Oscarella_pearsei_P025853	OG1	28.0		
Plespi_Pspi_scaffold17087_01	OG2	27.0		
Mlei_ML0028.g7.i1	OG2	27.0		
Nvec_v1g185620	OG2	27.0		
Scil_scict016853.1	OG2	27.0		
Stycar_maker-SC_scaffold141093-augustus-gene-0.33-mRNA-1	OG2	27.0		
Tetwil_g2518.t1	OG2	27.0		
Tadh_TriadT52695	OG2	27.0		
HoiH23_PlH23_007911-RA	OG2	27.0		
Amil_Amillepora21976-RA	OG2	27.0		
Aque_Aqu2.1.34350_001	OG2	27.0		
Eupdun_Edun_sb10609014	OG2	27.0		
Bolinf_Binf_sb1223143	OG2	27.0		
Horcal_Hcv1.av93.c5.g944.i1	OG2	27.0		
Mertsp_Mesp_sb557687	OG2	27.0		
Bolinf_Binf_sb1231526	OG2	27.0		
HoiH11_mRNA9091	OG2	27.0		
Emue_Em0015g95a.t1	OG2	27.0		
Spis_XP_022808685_1	OG2	27.0		
Fspp_ffun1.m4.27286.m1	OG2	27.0		
Gracom_Gcom_C543412_01	OG2	27.0		
Nvec_NVE6093	OG2	27.0		
Pocdam_XM_027204453.1	OG2	27.0		
Beraby_Baby_sb325903	OG2	27.0		
HoiH04_mRNA11328	OG2	27.0		
Spolac_c103658_g1_i1_m.35400c103658-g1	OG2	27.0		
Lcom_lcpid94023	OG2	27.0		
Mertsp_Mesp_sb557688	OG2	27.0		
Dgig_XM_028544534.1	OG2	27.0		
Pbac_sb2656768	OG2	27.0		
Vmul_sbMO437174	OG2	27.0		
Coemet_Cmet_scaffold19901_01	OG2	27.0		
Gfas_gfas1.m1.8053.m1	OG2	27.0		
Lampan_Lpan_C406229_01	OG2	27.0		
Mertsp_Mesp_sb574229	OG2	27.0		
Drygla_Dgla_sb279085	OG2	27.0		
Clacor_Ccor_scaffold7580_01	OG2	27.0		
Bolinf_Binf_sb1231528	OG2	27.0		
Adig_XM_015922206.1	OG2	27.0		
Leuniv_Lniv_C803294_01	OG2	27.0		
TrH2_TrispH2_004060-RA	OG2	27.0		
Xesp_004424-T1	OG2	27.0		
HoiH06_mRNA4628	OG2	27.0		
Hhon_g03955.t1	OG2	27.0		
Exapal_XM_021054014.2	OG2	27.0		
