gene	orthogroup	orthogroup_support	reference_ortholog	reference_support
Cscu_XM_023371768.1	OG0	1.0		
Sanmal_Sma_012062-T1	OG0	1.0		
Chem_TCONS_00006950	OG0	1.0		
HoiH04_mRNA17632	OG0	1.0		
HoiH06_mRNA1227	OG0	1.0		
Exapal_XM_021041813.2	OG0	1.0		
Xesp_000510-T1	OG0	1.0		
Nvec_v1g232381	OG0	1.0		
Aaur_scaffold32.g23.t1	OG0	1.0		
Rhoesc_Res_016312-T2	OG0	1.0		
Nvec_v1g96561	OG0	1.0		
Tadh_TriadT58043	OG0	1.0		
Hvul_g15321_1	OG0	1.0		
Gfas_gfas1.m1.12953.m1	OG0	1.0		
Pocdam_XM_027193729.1	OG0	1.0		
Adig_XM_015919891.1	OG0	1.0		
Gasp_gasp1.m3.3080.m1	OG0	1.0		
Adig_XM_015894178.1	OG0	1.0		
Dgig_XM_028548922.1	OG0	1.0		
Amil_Amillepora26003-RA	OG0	1.0		
HoiH23_PlH23_009958-RA	OG0	1.0		
Hhon_g00175.t1	OG0	1.0		
Morvir_scaffold139.g44.t1	OG0	1.0		
Spis_XP_022797047_1	OG0	1.0		
Nemnom_g3752.t1	OG0	1.0		
TrH2_TrispH2_000512-RA	OG0	1.0		
HoiH11_mRNA1952	OG0	1.0		
Fspp_ffun1.m4.13698.m1	OG0	1.0		
Lcom_lcpid236379	OG0	1.0		
Tcas_TC012280_002	OG0	1.0		
Hsap_ENST00000533683	OG0	1.0		
Cscu_XM_023371750.1	OG0	1.0		
Acagra_model.g11766.t1_model.g11767.t1	OG0	1.0		
Skow_XM_002730537.2	OG0	1.0		
Ctel_gnl_WGS_AMQN_CAPTEDRAFT_mRNA167868	OG0	1.0		
Hsap_ENST00000370671	OG0	1.0		
Spur_XM_030996366.1	OG0	1.0		
Cscu_XM_023371754.1	OG0	1.0		
Spur_XM_030996702.1	OG0	1.0		
Cgig_XM_011444041.3	OG0	1.0		
Bralan_BLAG13000314_1	OG0	1.0		
Dpul_mRNA3500	OG0	1.0		
