gene	orthogroup	orthogroup_support	reference_ortholog	reference_support
Tcas_TC009189_001	OG0	56.0		
Sanmal_Sma_025339-T1	OG0	56.0		
Chem_TCONS_00055990	OG0	56.0		
Rhoesc_Res_011241-T1	OG0	56.0		
Lcom_lcpid157414	OG0	56.0		
Aaur_scaffold92.g19.t1	OG0	56.0		
Hvul_g31738_1	OG0	56.0		
Dpul_mRNA621	OG0	56.0		
Bralan_BLAG16001131_1	OG0	56.0		
Ctel_gnl_WGS_AMQN_CAPTEDRAFT_mRNA224043	OG0	56.0		
Hsap_ENST00000310137	OG0	56.0		
Acagra_model.g15587.t1	OG0	56.0		
Cscu_XM_023386721.1	OG1	53.0		
Hsap_ENST00000310046	OG1	53.0		
Acagra_model.g15752.t1.1.5d400ca8	OG1	53.0		
Bralan_BLAG04102199_2	OG1	53.0		
Cgig_XM_020066571.2	OG1	53.0		
Spur_XM_011672950.2	OG1	53.0		
Hsap_ENST00000310092	OG1	53.0		
Tcas_TC006476_001	OG1	53.0		
Skow_XM_002735552.2	OG1	53.0		
Cgig_XM_034467477.1	OG1	53.0		
Lcom_lcpid159036	OG1	53.0		
Acagra_model.g15752.t1	OG1	53.0		
Hsap_ENST00000412278	OG1	53.0		
Cscu_XM_023389072.1	OG1	53.0		
Cscu_XM_023386114.1	OG1	53.0		
Gfas_gfas1.m1.5293.m1	OG2	100.0		
Gasp_gasp1.m3.12482.m1	OG2	100.0		
Pocdam_XM_027190441.1	OG2	100.0		
Fspp_ffun1.m4.20427.m1	OG2	100.0		
Spis_XP_022790001_1	OG2	100.0		
Adig_XM_015919342.1	OG2	100.0		
Lcom_lcpid92308	OG3	26.0		
Tetwil_g7485.t1	OG3	26.0		
Xesp_012054-T1	OG3	26.0		
Coemet_Cmet_scaffold10634_01	OG3	26.0		
Sanmal_Sma_026808-T1	OG3	26.0		
Hvul_g32275_1	OG3	26.0		
Chem_TCONS_00023034	OG3	26.0		
Horcal_Hcv1.av93.c1.g1036.i1	OG3	26.0		
Xesp_012053-T1	OG3	26.0		
Vmul_Simscaffold5351_01	OG3	26.0		
Dgig_XM_028554075.1	OG3	26.0		
Morvir_scaffold236.g11.t1	OG3	26.0		
Emue_Em0018g980a.t1	OG3	26.0		
Nvec_v1g248588	OG3	26.0		
Gasp_gasp1.m3.2397.m1	OG3	26.0		
Pocdam_XM_027184253.1	OG3	26.0		
Fspp_ffun1.m4.20822.m1	OG3	26.0		
Gfas_gfas1.m1.6954.m1	OG3	26.0		
Coemet_Cmet_scaffold10633_01	OG3	26.0		
Morvir_scaffold23.g39.t1	OG3	26.0		
Spis_XP_022787390_1	OG3	26.0		
Pbac_sb2657386	OG3	26.0		
Lampan_Lpan_C402619_01	OG3	26.0		
Aque_Aqu2.1.16938_001	OG3	26.0		
Rhoesc_Res_001001-T1	OG3	26.0		
Amil_Amillepora16472-RA	OG3	26.0		
Nemnom_g2173.t1	OG3	26.0		
Gracom_Gcom_C542520_01	OG3	26.0		
Leuniv_Lniv_scaffold23200_01	OG3	26.0		
Plajan_Pjan_scaffold9435_01	OG3	26.0		
Clacor_Ccor_C535871_01	OG3	26.0		
Scil_scict006816.1	OG3	26.0		
Clacor_Ccor_scaffold13914_01	OG3	26.0		
