gene	orthogroup	orthogroup_support	reference_ortholog	reference_support
Lcom_lcpid216894	OG0	71.0		
Fspp_ffun1.m4.21971.m1	OG0	71.0		
Adig_XM_015916746.1	OG0	71.0		
Exapal_XM_021048125.2	OG0	71.0		
Pocdam_XM_027192577.1	OG0	71.0		
Gfas_gfas1.m1.4973.m1	OG0	71.0		
Nvec_v1g176124	OG0	71.0		
Amil_Amillepora08521-RA	OG0	71.0		
Spis_XP_022782638_1	OG0	71.0		
Gasp_gasp1.m3.23836.m1	OG0	71.0		
Dgig_XM_028543523.1	OG0	71.0		
Xesp_009525-T1	OG0	71.0		
Nemnom_g14683.t1	OG1	71.0		
HoiH06_mRNA7116	OG1	71.0		
Lcom_lcpid58430	OG1	71.0		
Ctel_gnl_WGS_AMQN_CAPTEDRAFT_mRNA153245	OG1	71.0		
Bralan_BLAG12000623_1	OG1	71.0		
Spur_XM_031000173.1	OG1	71.0		
Scil_scict005576.1	OG1	71.0		
Gracom_Gcom_scaffold6229_01	OG1	71.0		
Acagra_model.g5691.t1	OG1	71.0		
Pbac_sb2649146	OG1	71.0		
Ocar_g4424	OG1	71.0		
HoiH04_mRNA5670	OG1	71.0		
Pbac_sb2640447	OG1	71.0		
Horcal_Hcv1.av93.c2.g617.i1	OG1	71.0		
Drygla_Dgla_sb284418	OG1	71.0		
Vmul_sbMO387914	OG1	71.0		
Vmul_sbMO408731	OG1	71.0		
Hhon_g07004.t1	OG1	71.0		
Leuniv_Lniv_scaffold25369_01	OG1	71.0		
Opea_EP00118_Oscarella_pearsei_P004698	OG1	71.0		
Tadh_TriadT31105	OG1	71.0		
Tcas_TC031357_001	OG1	71.0		
HoiH23_PlH23_004494-RA	OG1	71.0		
Mlei_ML0346.g71.i1	OG1	71.0		
Lampan_Lpan_12805_01	OG1	71.0		
HoiH11_mRNA9394	OG1	71.0		
Beraby_Baby_sb336148	OG1	71.0		
Coemet_Cmet_scaffold20761_01	OG1	71.0		
Skow_XM_002735249.2	OG1	71.0		
Plajan_Pjan_scaffold17841_01	OG1	71.0		
Hsap_ENST00000283928	OG1	71.0		
TrH2_TrispH2_009427-RA	OG1	71.0		
Morvir_scaffold48.g31.t1	OG1	71.0		
Hvul_g32764_1	OG1	71.0		
Sanmal_Sma_006016-T1	OG1	71.0		
Chem_TCONS_00015308	OG1	71.0		
Rhoesc_Res_005036-T1	OG1	71.0		
