gene	orthogroup	orthogroup_support	reference_ortholog	reference_support
Xesp_019854-T1	OG0	43.0		
Coemet_Cmet_C599169_01	OG0	43.0		
Skow_XM_006813154.1	OG0	43.0		
Mlei_ML0015.g14.i1	OG0	43.0		
Spolac_c96839_g1_i1_m.13830c96839-g1	OG0	43.0		
Lcom_lcpid101868	OG0	43.0		
Scil_scict001748.1	OG0	43.0		
Stycar_maker-SC_scaffold122222-augustus-gene-0.10-mRNA-1	OG0	43.0		
Lampan_Lpan_C396699_01	OG0	43.0		
Clacor_Ccor_scaffold8922_01	OG0	43.0		
Pbac_sb2664478	OG0	43.0		
Dgig_XM_028550501.1	OG0	43.0		
Xesp_019732-T1	OG0	43.0		
Ctel_gnl_WGS_AMQN_CAPTEDRAFT_mRNA133071	OG1	52.0		
Sanmal_Sma_007656-T1	OG1	52.0		
Aaur_scaffold8.g49.t3	OG1	52.0		
Nemnom_g10022.t1	OG1	52.0		
Hvul_g1710_1	OG1	52.0		
Chem_TCONS_00032847	OG1	52.0		
Chem_TCONS_00035721	OG1	52.0		
Rhoesc_Res_011946-T1	OG1	52.0		
Morvir_scaffold285.g9.t1	OG1	52.0		
Chem_TCONS_00035489	OG1	52.0		
Cgig_XM_034457797.1	OG1	52.0		
Acagra_model.g7471.t1	OG1	52.0		
Hsap_ENST00000565422	OG1	52.0		
Bralan_BLAG02000407_1	OG1	52.0		
Skow_XM_002733517.1	OG1	52.0		
Spur_XM_781833.5	OG1	52.0		
Dgig_XM_028550529.1	OG2	95.0		
Gasp_gasp1.m3.15834.m1	OG2	95.0		
Exapal_XM_028661636.1	OG2	95.0		
Gfas_gfas1.m1.15952.m1	OG2	95.0		
Spis_XP_022798131_1	OG2	95.0		
Pocdam_XM_027197067.1	OG2	95.0		
Nvec_v1g202664	OG2	95.0		
Amil_Amillepora22080-RA	OG2	95.0		
Fspp_ffun1.m4.15293.m1	OG2	95.0		
Adig_XM_015896966.1	OG2	95.0		
Gfas_gfas1.m1.15951.m1	OG2	95.0		
Xesp_000239-T1	OG2	95.0		
Chem_TCONS_00042289	OG3	82.0		
Adig_XM_015916645.1	OG3	82.0		
Gfas_gfas1.m1.13548.m1	OG3	82.0		
Amil_Amillepora25021-RA	OG3	82.0		
Amil_Amillepora02781-RA	OG3	82.0		
Amil_Amillepora27320-RA	OG3	82.0		
Adig_XM_015899493.1	OG3	82.0		
Gasp_gasp1.m3.14162.m1	OG3	82.0		
Fspp_ffun1.m4.12327.m1	OG3	82.0		
Amil_Amillepora00109-RA	OG3	82.0		
Amil_Amillepora32035-RA	OG3	82.0		
Exapal_XM_021059023.2	OG3	82.0		
Amil_Amillepora20300-RA	OG3	82.0		
Nvec_v1g106590	OG3	82.0		
Spis_XP_022790665_1	OG3	82.0		
Pocdam_XM_027198069.1	OG3	82.0		
Amil_Amillepora32038-RA	OG3	82.0		
Dgig_XM_028546698.1	OG3	82.0		
Nemnom_g10107.t1	OG3	82.0		
Aaur_scaffold1037.g3.t1	OG3	82.0		
Sanmal_Sma_007767-T1	OG3	82.0		
Xesp_020713-T2	OG3	82.0		
Sanmal_Sma_007773-T1	OG3	82.0		
Sanmal_Sma_007780-T1	OG3	82.0		
Sanmal_Sma_007777-T1	OG3	82.0		
Rhoesc_Res_012056-T1	OG3	82.0		
Morvir_scaffold268.g20.t1	OG3	82.0		
Sanmal_Sma_007770-T1	OG3	82.0		
