gene	orthogroup	orthogroup_support	reference_ortholog	reference_support
Chem_TCONS_00022836	OG0	85.0		
Morvir_scaffold54.g20.t1	OG0	85.0		
Hvul_g20653_1	OG1	85.0		
Spur_XM_011667930.2	OG1	85.0		
Gasp_gasp1.m3.2597.m1	OG1	85.0		
Dpul_mRNA28777	OG1	85.0		
Xesp_010544-T1	OG1	85.0		
Rhoesc_Res_008246-T1	OG1	85.0		
HoiH23_PlH23_006345-RA	OG1	85.0		
Pocdam_XM_027195086.1	OG1	85.0		
Tcas_TC004909_001	OG1	85.0		
HoiH06_mRNA8608	OG1	85.0		
Nemnom_g15100.t1	OG1	85.0		
Gasp_gasp1.m3.29531.m1	OG1	85.0		
Ctel_gnl_WGS_AMQN_CAPTEDRAFT_mRNA166037	OG1	85.0		
Dgig_XM_028559609.1	OG1	85.0		
Cscu_XM_023387485.1	OG1	85.0		
Amil_Amillepora19449-RA	OG1	85.0		
Exapal_XM_021056620.2	OG1	85.0		
Spis_XP_022785464_1	OG1	85.0		
Adig_XM_015900714.1	OG1	85.0		
Chem_TCONS_00008439	OG1	85.0		
Hsap_ENST00000374839	OG1	85.0		
Bralan_BLAG01001065_1	OG1	85.0		
Morvir_scaffold229.g28.t1	OG1	85.0		
Acagra_model.g26914.t1	OG1	85.0		
Cgig_XM_011438331.3	OG1	85.0		
Opea_EP00118_Oscarella_pearsei_P002651	OG1	85.0		
Nvec_v1g227578	OG1	85.0		
Skow_XM_002740189.2	OG1	85.0		
Clacor_Ccor_C535411_01	OG1	85.0		
Tadh_TriadT56721	OG1	85.0		
Aaur_scaffold127.g6.t1	OG1	85.0		
Sanmal_Sma_001558-T1	OG1	85.0		
TrH2_TrispH2_005842-RA	OG1	85.0		
Fspp_ffun1.m4.6706.m1	OG1	85.0		
Gfas_gfas1.m1.22044.m1	OG1	85.0		
HoiH04_mRNA4844	OG1	85.0		
HoiH11_mRNA97	OG1	85.0		
