gene	orthogroup	orthogroup_support	reference_ortholog	reference_support
Lcom_lcpid252731	OG0	46.0		
Spur_XM_030976011.1	OG0	46.0		
Spur_XM_030975915.1	OG0	46.0		
Hvul_g30465_1	OG0	46.0		
Beraby_Baby_sb322737	OG0	46.0		
Lcom_lcpid199251	OG0	46.0		
Lampan_Lpan_383_01	OG1	42.0		
Tetwil_g2804.t1	OG1	42.0		
Aque_Aqu2.1.20770_001	OG1	42.0		
Opea_EP00118_Oscarella_pearsei_P025025	OG1	42.0		
Stycar_maker-SC_scaffold52607-augustus-gene-0.5-mRNA-1	OG1	42.0		
Lcom_lcpid121191	OG1	42.0		
Emue_Em0018g808a.t1	OG1	42.0		
Xestes_maker-XT_scaffold2225-snap-gene-0.20-mRNA-1	OG1	42.0		
Morvir_scaffold16.g25.t1	OG1	42.0		
Scil_scict001966.1	OG1	42.0		
Spolac_c89492_g1_i1_m.5670c89492-g1	OG1	42.0		
Halamb_c41959_g2_i1m.14383	OG1	42.0		
Rhoesc_Res_010590-T1	OG1	42.0		
Nemnom_g18229.t1	OG1	42.0		
Pbac_sb2668075	OG1	42.0		
Pbac_sb2639128	OG1	42.0		
Hsap_ENST00000219169	OG2	57.0		
HoiH04_mRNA3321	OG2	57.0		
Fspp_ffun1.m4.6344.m1	OG2	57.0		
Gfas_gfas1.m1.991.m1	OG2	57.0		
Xestes_maker-XT_scaffold125008-snap-gene-0.15-mRNA-1	OG2	57.0		
Pocdam_XM_027195181.1	OG2	57.0		
Amil_Amillepora12894-RA	OG2	57.0		
Exapal_XM_021041485.2	OG2	57.0		
Xesp_006926-T1	OG2	57.0		
HoiH23_PlH23_005210-RA	OG2	57.0		
Hhon_g09645.t1	OG2	57.0		
Gasp_gasp1.m3.14538.m1	OG2	57.0		
Skow_XM_006817788.1	OG2	57.0		
Spis_XP_022803948_1	OG2	57.0		
Nvec_v1g111102	OG2	57.0		
HoiH06_mRNA2562	OG2	57.0		
Dgig_XM_028536349.1	OG2	57.0		
TrH2_TrispH2_000453-RA	OG2	57.0		
Adig_XM_015896742.1	OG2	57.0		
Tadh_wf_g8819.t1	OG2	57.0		
Cgig_XM_011434833.2	OG2	57.0		
Ctel_gnl_WGS_AMQN_CAPTEDRAFT_mRNA29510	OG2	57.0		
Bralan_BLAG07000789_1	OG2	57.0		
Tcas_TC012876_001	OG2	57.0		
Acagra_model.g26049.t1	OG2	57.0		
Cscu_XM_023364830.1	OG2	57.0		
Cscu_XM_023364733.1	OG2	57.0		
Lcom_lcpid250017	OG2	57.0		
Sanmal_Sma_025649-T1	OG2	57.0		
