gene	orthogroup	orthogroup_support	reference_ortholog	reference_support
Cgig_XM_034467286.1	OG0	92.0		
Lcom_lcpid231137	OG0	92.0		
Cscu_XM_023371082.1	OG1	92.0		
Gfas_gfas1.m1.14497.m1	OG1	92.0		
Lcom_lcpid124089	OG1	92.0		
Mlei_ML0125.g7.i1	OG1	92.0		
Hhon_g02390.t1	OG1	92.0		
Spolac_c96181_g1_i2_m.12670c96181-g1	OG1	92.0		
HoiH06_mRNA9368	OG1	92.0		
Horcal_Hcv1.av93.c2.g1069.i1	OG1	92.0		
HoiH11_mRNA1330	OG1	92.0		
Pbac_sb2663088	OG1	92.0		
Chem_TCONS_00020926	OG1	92.0		
Fspp_ffun1.m4.12201.m1	OG1	92.0		
Ctel_gnl_WGS_AMQN_CAPTEDRAFT_mRNA220593	OG1	92.0		
Aque_Aqu2.1.18691_001	OG1	92.0		
Pocdam_XM_027188901.1	OG1	92.0		
Sanmal_Sma_014149-T1	OG1	92.0		
Tcas_TC004578_001	OG1	92.0		
TrH2_TrispH2_003923-RA	OG1	92.0		
Dgig_XM_028543358.1	OG1	92.0		
Bralan_BLAG02001767_1	OG1	92.0		
Dpul_mRNA20086	OG1	92.0		
Ocar_g2914	OG1	92.0		
Gasp_gasp1.m3.5745.m1	OG1	92.0		
HoiH23_PlH23_002240-RA	OG1	92.0		
Hsap_ENST00000497317	OG1	92.0		
Rhoesc_Res_009483-T1	OG1	92.0		
Spis_XP_022802867_1	OG1	92.0		
Lcom_lcpid129708	OG1	92.0		
Adig_XM_015898504.1	OG1	92.0		
HoiH04_mRNA11159	OG1	92.0		
Tadh_wf_g3139.t1	OG1	92.0		
Exapal_XM_021049221.2	OG1	92.0		
Nemnom_g3467.t1	OG1	92.0		
Lcom_lcpid176860	OG1	92.0		
Nvec_v1g237238	OG1	92.0		
Opea_EP00118_Oscarella_pearsei_P024814	OG1	92.0		
Morvir_scaffold67.g14.t1	OG1	92.0		
Spur_XM_003728193.3	OG1	92.0		
Hvul_g25860_1	OG1	92.0		
Scil_scict004532.1	OG1	92.0		
Leuniv_Lniv_scaffold8179_01	OG1	92.0		
Stycar_maker-SC_scaffold146905-snap-gene-0.716-mRNA-1	OG1	92.0		
