gene	orthogroup	orthogroup_support	reference_ortholog	reference_support
Spur_NM_001123509.1	OG0	42.0		
Leuniv_Lniv_C795122_01	OG0	42.0		
Nemnom_g4014.t1	OG0	42.0		
Cscu_XM_023376512.1	OG0	42.0		
Xestes_maker-XT_scaffold37416-augustus-gene-0.35-mRNA-1	OG0	42.0		
Clacor_Ccor_scaffold11961_01	OG0	42.0		
Rhoesc_Res_009932-T1	OG0	42.0		
Xesp_013798-T1	OG0	42.0		
Lcom_lcpid88417	OG0	42.0		
HoiH06_mRNA9488	OG0	42.0		
Tadh_TriadT38509	OG0	42.0		
Pocdam_XM_027185151.1	OG0	42.0		
Spis_XP_022809331_1	OG0	42.0		
Nvec_v1g166299	OG0	42.0		
Hsap_ENST00000229270	OG0	42.0		
Cgig_XM_011456822.3	OG0	42.0		
Scil_scict007642.1	OG0	42.0		
TrH2_TrispH2_010752-RA	OG0	42.0		
Stycar_maker-SC_scaffold22355-augustus-gene-0.8-mRNA-1	OG0	42.0		
Nvec_v1g49843	OG0	42.0		
Halamb_c44778_g1_i1m.17993	OG0	42.0		
Morvir_scaffold23.g13.t1	OG0	42.0		
Bralan_BLAG11001017_1	OG0	42.0		
Amil_Amillepora19601-RA	OG0	42.0		
Chem_TCONS_00022537	OG0	42.0		
Gasp_gasp1.m3.16671.m1	OG0	42.0		
Fspp_ffun1.m4.31104.m1	OG0	42.0		
Morvir_scaffold265.g1.t1	OG0	42.0		
Tcas_TC007346_001	OG0	42.0		
Tetwil_g8386.t1	OG0	42.0		
Skow_NM_001184810.1	OG0	42.0		
Hhon_g08904.t1	OG0	42.0		
Gfas_gfas1.m1.22300.m1	OG0	42.0		
Gracom_Gcom_C543692_01	OG0	42.0		
HoiH11_mRNA6752	OG0	42.0		
Dgig_XM_028535388.1	OG0	42.0		
HoiH04_mRNA7893	OG0	42.0		
Lcom_lcpid212032	OG0	42.0		
Sanmal_Sma_020759-T1	OG0	42.0		
Spolac_c102105_g1_i2_m.27973c102105-g1	OG0	42.0		
Adig_XM_015917517.1	OG0	42.0		
Aque_Aqu2.1.31569_001	OG0	42.0		
Emue_Em0008g413a.t1	OG0	42.0		
HoiH23_PlH23_008080-RA	OG0	42.0		
Hvul_g21627_1	OG0	42.0		
Ctel_gnl_WGS_AMQN_CAPTEDRAFT_mRNA172464	OG0	42.0		
Exapal_XM_021059809.2	OG0	42.0		
Opea_EP00118_Oscarella_pearsei_P025140	OG0	42.0		
Acagra_model.g30002.t1	OG0	42.0		
Spur_XM_030981649.1	OG0	42.0		
Lcom_lcpid200637	OG1	44.0		
Pbac_sb2650829	OG1	44.0		
Vmul_sbMO435710	OG1	44.0		
Pbac_sb2643884	OG1	44.0		
Bolinf_Binf_sb1233938	OG1	44.0		
Bolinf_Binf_sb1251163	OG1	44.0		
Bolinf_Binf_sb1251165	OG1	44.0		
Lampan_Lpan_12852_01	OG1	44.0		
Mertsp_Mesp_sb550768	OG1	44.0		
Mertsp_Mesp_sb585561	OG1	44.0		
Drygla_Dgla_sb299647	OG1	44.0		
Horcal_Hcv1.av93.c13.g269.i1	OG1	44.0		
Coemet_Cmet_scaffold12097_01	OG1	44.0		
Coeast_Cast_sb791502	OG1	44.0		
Coeast_Cast_sb791503	OG1	44.0		
Beraby_Baby_sb331632	OG1	44.0		
Mlei_ML1459.g2.i1	OG1	44.0		
Mertsp_Mesp_sb585562	OG1	44.0		
Bolinf_Binf_sb1251164	OG1	44.0		
Lcom_lcpid116781	OG1	44.0		
Lcom_lcpid148775	OG2	1.0		
