gene	orthogroup	orthogroup_support	reference_ortholog	reference_support
Spolac_c92767_g1_i1_m.8146c92767-g1	OG0	65.0		
Mertsp_Mesp_sb536278	OG0	65.0		
Bolinf_Binf_sb1181321	OG0	65.0		
Drygla_Dgla_sb291500	OG0	65.0		
Bolinf_Binf_sb1217884	OG0	65.0		
Pbac_sb2649317	OG0	65.0		
Bolinf_Binf_sb1232528	OG0	65.0		
Beraby_Baby_sb342494	OG0	65.0		
Coemet_Cmet_scaffold21490_01	OG0	65.0		
Coeast_Cast_sb780829	OG0	65.0		
Horcal_Hcv1.av93.c2.g1053.i1	OG0	65.0		
Lampan_Lpan_15731_01	OG0	65.0		
Vmul_sbMO423967	OG0	65.0		
Mertsp_Mesp_sb569039	OG0	65.0		
Bolinf_Binf_sb1217885	OG0	65.0		
Bolinf_Binf_sb1232526	OG0	65.0		
Mertsp_Mesp_sb565731	OG0	65.0		
Drygla_Dgla_sb314269	OG0	65.0		
Vmul_sbMO426758	OG0	65.0		
Eupdun_Edun_sb10625850	OG0	65.0		
Coeast_Cast_sb780830	OG0	65.0		
Mlei_ML1316.g6.i1	OG0	65.0		
Plespi_Pspi_scaffold1018_01	OG0	65.0		
Emue_Em0019g190a.t1	OG0	65.0		
Aque_Aqu2.1.29143_001	OG0	65.0		
Xestes_maker-XT_scaffold136471-snap-gene-0.26-mRNA-1	OG0	65.0		
Lcom_lcpid225846	OG0	65.0		
Aque_Aqu2.1.05831_001	OG0	65.0		
Halamb_c41810_g1_i2mm.998	OG0	65.0		
Tetwil_g17373.t2	OG0	65.0		
Bralan_BLAG04000971_1	OG1	35.0		
Lcom_lcpid179409	OG1	35.0		
Lcom_lcpid179703	OG1	35.0		
Lcom_lcpid231408	OG1	35.0		
Cgig_XM_011447837.3	OG1	35.0		
Acagra_model.g16480.t1	OG1	35.0		
Ctel_gnl_WGS_AMQN_CAPTEDRAFT_mRNA161186	OG1	35.0		
Ocar_g5244	OG2	23.0		
Rhoesc_Res_001590-T1	OG2	23.0		
Spis_XP_022787202_1	OG2	23.0		
HoiH23_PlH23_004605-RA	OG2	23.0		
Hsap_ENST00000216455	OG2	23.0		
Adig_XM_015892094.1	OG2	23.0		
Tadh_TriadT63422	OG2	23.0		
Cscu_XM_023379405.1	OG2	23.0		
Gasp_gasp1.m3.25555.m1	OG2	23.0		
Chem_TCONS_00047654	OG2	23.0		
Nemnom_g17265.t1	OG2	23.0		
Xesp_012322-T1	OG2	23.0		
Exapal_XM_021059613.1	OG2	23.0		
Aaur_scaffold21.g32.t1	OG2	23.0		
Dpul_mRNA21960	OG2	23.0		
TrH2_TrispH2_005609-RA	OG2	23.0		
Morvir_scaffold50.g87.t1	OG2	23.0		
HoiH06_mRNA12104	OG2	23.0		
Hhon_g07269.t1	OG2	23.0		
Pocdam_XM_027202346.1	OG2	23.0		
Nvec_v1g235516	OG2	23.0		
Spur_XM_791154.5	OG2	23.0		
Amil_Amillepora15230-RA	OG2	23.0		
Fspp_ffun1.m4.25194.m1	OG2	23.0		
HoiH11_mRNA2349	OG2	23.0		
Tcas_TC008015_001	OG2	23.0		
Dgig_XM_028553891.1	OG2	23.0		
Gfas_gfas1.m1.19686.m1	OG2	23.0		
Hvul_g27535_1	OG2	23.0		
HoiH04_mRNA15196	OG2	23.0		
Adig_XM_015892086.1	OG2	23.0		
Skow_XM_002740401.2	OG2	23.0		
Opea_EP00118_Oscarella_pearsei_P025422	OG2	23.0		
Lcom_lcpid89026	OG2	23.0		
Gracom_Gcom_C541954_01	OG2	23.0		
Clacor_Ccor_C530523_01	OG2	23.0		
Plajan_Pjan_C549195_01	OG2	23.0		
Scil_scict010729.1	OG2	23.0		
