gene	orthogroup	orthogroup_support	reference_ortholog	reference_support
HoiH23_PlH23_001139-RA	OG0	39.0		
Horcal_Hcv1.av93.c1.g814.i1	OG0	39.0		
Opea_EP00118_Oscarella_pearsei_P026169	OG0	39.0		
Tetwil_g5066.t1	OG0	39.0		
Pbac_sb2656423	OG0	39.0		
Halamb_c34385_g1_i2m.8096	OG0	39.0		
Aque_Aqu2.1.15840_001	OG0	39.0		
Lcom_lcpid94513	OG0	39.0		
Scil_scict013877.1	OG0	39.0		
Spolac_c97875_g1_i9_m.15940c97875-g1NA	OG0	39.0		
Pbac_sb2656425	OG0	39.0		
HoiH04_mRNA12572	OG0	39.0		
HoiH11_mRNA9660	OG0	39.0		
Tadh_wf_g2949.t1	OG0	39.0		
Hhon_g00551.t1	OG0	39.0		
TrH2_TrispH2_002559-RA	OG0	39.0		
HoiH06_mRNA14387	OG0	39.0		
Xesp_003019-T1	OG1	92.0		
Exapal_XM_021058709.2	OG1	92.0		
Gfas_gfas1.m1.17034.m1	OG1	92.0		
Gasp_gasp1.m3.8917.m1	OG1	92.0		
Adig_XM_015907853.1	OG1	92.0		
Amil_Amillepora03021-RA	OG1	92.0		
Nvec_v1g215518	OG1	92.0		
Fspp_ffun1.m4.1806.m1	OG1	92.0		
Pocdam_XM_027185621.1	OG1	92.0		
Spis_XP_022799539_1	OG1	92.0		
Dgig_XM_028551300.1	OG1	92.0		
Cgig_XM_011455771.3	OG2	23.0		
Gasp_gasp1.m3.22595.m1	OG2	23.0		
Gfas_gfas1.m1.4985.m1	OG2	23.0		
Rhoesc_Res_005192-T1	OG2	23.0		
Chem_TCONS_00028157	OG2	23.0		
Amil_Amillepora11338-RA	OG2	23.0		
Adig_XM_015903326.1	OG2	23.0		
Fspp_ffun1.m4.10725.m1	OG2	23.0		
Spis_XP_022792322_1	OG2	23.0		
Nvec_v1g81854	OG2	23.0		
Hsap_ENST00000368525	OG2	23.0		
Morvir_scaffold311.g9.t1	OG2	23.0		
Ctel_gnl_WGS_AMQN_CAPTEDRAFT_mRNA190923	OG2	23.0		
Exapal_XM_021061592.2	OG2	23.0		
Nemnom_g16862.t1	OG2	23.0		
Bralan_BLAG02002287_1	OG2	23.0		
Pocdam_XM_027187610.1	OG2	23.0		
Lcom_lcpid211301	OG2	23.0		
Acagra_model.g13861.t1	OG2	23.0		
Spur_XM_011677514.2	OG2	23.0		
