gene	orthogroup	orthogroup_support	reference_ortholog	reference_support
Cscu_XM_023367740.1	OG0	95.0		
Skow_XM_002739598.2	OG0	95.0		
Hsap_ENST00000369838	OG0	95.0		
Hsap_ENST00000333634	OG0	95.0		
Bralan_BLAG01000742_1	OG0	95.0		
Hsap_ENST00000647779	OG0	95.0		
Lcom_lcpid178807	OG0	95.0		
Ctel_gnl_WGS_AMQN_CAPTEDRAFT_mRNA202309	OG0	95.0		
Skow_XM_002738432.2	OG0	95.0		
Acagra_model.g3074.t1	OG0	95.0		
Ctel_gnl_WGS_AMQN_CAPTEDRAFT_mRNA189435	OG0	95.0		
Hsap_ENST00000373212	OG0	95.0		
Cgig_XM_011415223.3	OG0	95.0		
Ctel_gnl_WGS_AMQN_CAPTEDRAFT_mRNA127118	OG0	95.0		
Dpul_mRNA9584	OG0	95.0		
Cscu_XM_023368943.1	OG0	95.0		
Tcas_TC033138_001	OG0	95.0		
Tcas_TC014808_001	OG0	95.0		
Acagra_model.g29218.t1	OG1	37.0		
Tetwil_g23513.t2	OG1	37.0		
Exapal_XM_021045106.2	OG1	37.0		
Exapal_XM_021045105.2	OG1	37.0		
Spur_XM_782018.5	OG1	37.0		
Exapal_XM_021045107.2	OG1	37.0		
Spur_XM_030994988.1	OG1	37.0		
Ctel_gnl_WGS_AMQN_CAPTEDRAFT_mRNA192426	OG1	37.0		
Cgig_XM_011455873.3	OG1	37.0		
Hhon_g05476.t1	OG2	41.0		
Amil_Amillepora19904-RA	OG2	41.0		
Gasp_gasp1.m3.22016.m1	OG2	41.0		
Spis_XP_022796766_1	OG2	41.0		
Pocdam_XM_027188263.1	OG2	41.0		
Fspp_ffun1.m4.22826.m1	OG2	41.0		
TrH2_TrispH2_009002-RA	OG2	41.0		
Gfas_gfas1.m1.7382.m1	OG2	41.0		
Fspp_ffun1.m4.22825.m1	OG2	41.0		
Tadh_wf_g10012.t1	OG2	41.0		
Hvul_g23155_1	OG2	41.0		
HoiH23_PlH23_009083-RA	OG2	41.0		
HoiH23_PlH23_010222-RA	OG2	41.0		
Hhon_g08436.t1	OG2	41.0		
Lcom_lcpid112949	OG2	41.0		
Xestes_maker-XT_scaffold8404-augustus-gene-0.8-mRNA-1	OG2	41.0		
Aque_Aqu2.1.39919_001	OG2	41.0		
Nvec_NVE15893	OG3	46.0		
Emue_Em0023g503a.t1	OG3	46.0		
Opea_EP00118_Oscarella_pearsei_P024533	OG3	46.0		
Mlei_ML0732.g41.i1	OG3	46.0		
Stycar_maker-SC_scaffold6558-snap-gene-0.172-mRNA-1	OG3	46.0		
Hsap_ENST00000270792	OG4	48.0		
Pocdam_XM_027188265.1	OG4	48.0		
Aaur_scaffold7.g35.t1	OG4	48.0		
Amil_Amillepora19903-RA	OG4	48.0		
Sanmal_Sma_001354-T1	OG4	48.0		
Gfas_gfas1.m1.7375.m1	OG4	48.0		
Rhoesc_Res_008219-T1	OG4	48.0		
Adig_XM_015896982.1	OG4	48.0		
Aaur_scaffold1048.g4.t1	OG4	48.0		
Rhoesc_Res_008509-T1	OG4	48.0		
Fspp_ffun1.m4.22821.m1	OG4	48.0		
Gasp_gasp1.m3.22013.m1	OG4	48.0		
Spis_XP_022796775_1	OG4	48.0		
Sanmal_Sma_001441-T1	OG4	48.0		
Nemnom_g6018.t1	OG4	48.0		
Morvir_scaffold168.g33.t1	OG4	48.0		
Spur_XM_030994157.1	OG4	48.0		
Lcom_lcpid217187	OG4	48.0		
Nvec_NVE15894	OG4	48.0		
Dgig_XM_028558050.1	OG4	48.0		
Xesp_011608-T1	OG4	48.0		
Morvir_scaffold61.g79.t1	OG4	48.0		
Morvir_scaffold103.g53.t1	OG5	1.0		
