gene	orthogroup	orthogroup_support	reference_ortholog	reference_support
Bralan_BLAG01000700_1	OG0	70.0		
Cscu_XM_023380701.1	OG0	70.0		
Lcom_lcpid203960	OG0	70.0		
Spur_XM_003725061.3	OG0	70.0		
Skow_XM_002740766.2	OG0	70.0		
Cgig_XM_034477848.1	OG0	70.0		
Cgig_XM_034477859.1	OG0	70.0		
Tcas_TC000233_001	OG0	70.0		
Cgig_XM_034478912.1	OG0	70.0		
Cgig_XM_034477855.1	OG0	70.0		
Spur_XM_030995138.1	OG0	70.0		
Ctel_gnl_WGS_AMQN_CAPTEDRAFT_mRNA226865	OG0	70.0		
Emue_Em0023g751a.t1	OG1	70.0		
Amil_Amillepora19842-RA	OG1	70.0		
Adig_XM_015903674.1	OG1	70.0		
Tadh_TriadT56540	OG1	70.0		
Rhoesc_Res_011764-T1	OG1	70.0		
HoiH11_mRNA5677	OG1	70.0		
Hvul_g17062_1	OG1	70.0		
Sanmal_Sma_000584-T1	OG1	70.0		
HoiH06_mRNA11874	OG1	70.0		
Pocdam_XM_027188162.1	OG1	70.0		
Gasp_gasp1.m3.14935.m1	OG1	70.0		
Chem_TCONS_00020066	OG1	70.0		
Spis_XP_022794970_1	OG1	70.0		
Morvir_scaffold223.g11.t1	OG1	70.0		
Gfas_gfas1.m1.9765.m1	OG1	70.0		
Nemnom_g9598.t1	OG1	70.0		
Dgig_XM_028555256.1	OG1	70.0		
Fspp_ffun1.m4.4110.m1	OG1	70.0		
Exapal_XM_021049917.2	OG1	70.0		
HoiH04_mRNA10256	OG1	70.0		
HoiH23_PlH23_004665-RA	OG1	70.0		
Hhon_g08058.t1	OG1	70.0		
Nvec_v1g239748	OG1	70.0		
Gracom_Gcom_scaffold16624_01	OG1	70.0		
Halamb_c49341_g2_i2mm.3026	OG1	70.0		
Opea_EP00118_Oscarella_pearsei_P000315	OG1	70.0		
Lcom_lcpid138601	OG1	70.0		
Leuniv_Lniv_scaffold23327_01	OG1	70.0		
Scil_scict006273.1	OG1	70.0		
Spolac_c101604_g1_i1_m.26148c101604-g1NA	OG1	70.0		
Clacor_Ccor_scaffold7944_01	OG1	70.0		
Aque_Aqu2.1.03424_001	OG1	70.0		
