gene	orthogroup	orthogroup_support	reference_ortholog	reference_support
Spolac_c100432_g2_i3_m.22412c100432-g2	OG0	38.0		
Dgig_XM_028555470.1	OG0	38.0		
Adig_XM_015908470.1	OG0	38.0		
Exapal_XM_021060365.2	OG0	38.0		
Xesp_002041-T1	OG0	38.0		
Pocdam_XM_027188985.1	OG0	38.0		
Fspp_ffun1.m4.6875.m1	OG0	38.0		
Amil_Amillepora02703-RA	OG0	38.0		
Opea_EP00118_Oscarella_pearsei_P006886	OG0	38.0		
Nvec_v1g134097	OG0	38.0		
Gfas_gfas1.m1.16837.m1	OG0	38.0		
Plajan_Pjan_C562766_01	OG0	38.0		
Spis_XP_022779507_1	OG0	38.0		
Gasp_gasp1.m3.8964.m1	OG0	38.0		
Halamb_c40743_g1_i1m.13032	OG0	38.0		
Spolac_c97985_g1_i1_m.16162c97985-g1	OG0	38.0		
Xestes_maker-XT_scaffold26278-augustus-gene-0.11-mRNA-1	OG0	38.0		
Clacor_Ccor_C501281_01	OG0	38.0		
Emue_Em0009g608a.t1	OG0	38.0		
Emue_Em0009g609a.t1	OG0	38.0		
Aque_Aqu2.1.44711_001	OG0	38.0		
Clacor_Ccor_scaffold9657_01	OG1	21.0		
Gracom_Gcom_C550224_01	OG1	21.0		
HoiH04_mRNA2575	OG1	21.0		
Leuniv_Lniv_scaffold23152_01	OG1	21.0		
Scil_scict017784.1	OG1	21.0		
Tadh_TriadT54524	OG1	21.0		
TrH2_TrispH2_001254-RA	OG1	21.0		
HoiH23_PlH23_010074-RA	OG1	21.0		
Lcom_lcpid92177	OG1	21.0		
Hhon_g09562.t1	OG1	21.0		
Bralan_BLAG18000394_1	OG1	21.0		
Acagra_model.g9540.t1	OG1	21.0		
HoiH11_mRNA726	OG1	21.0		
HoiH06_mRNA14200	OG1	21.0		
Cgig_XM_011441197.3	OG1	21.0		
Skow_XM_006823091.1	OG2	34.0		
Lcom_lcpid139259	OG2	34.0		
Ctel_gnl_WGS_AMQN_CAPTEDRAFT_mRNA152132	OG3	77.0		
Dpul_mRNA22266	OG3	77.0		
Tcas_TC005179_001	OG3	77.0		
Skow_XM_006813925.1	OG3	77.0		
Spur_XM_003730923.3	OG3	77.0		
