gene	orthogroup	orthogroup_support	reference_ortholog	reference_support
Chem_TCONS_00051476	OG0	67.0		
Leuniv_Lniv_scaffold6641_01	OG0	67.0		
Gracom_Gcom_C539972_01	OG0	67.0		
Opea_EP00118_Oscarella_pearsei_P000552	OG0	67.0		
Scil_scict006849.2	OG0	67.0		
Clacor_Ccor_C521703_01	OG0	67.0		
Lcom_lcpid102159	OG0	67.0		
Hvul_g22561_1	OG0	67.0		
Lcom_lcpid243051	OG1	41.0		
TrH2_TrispH2_010038-RA	OG1	41.0		
Hhon_g09778.t1	OG1	41.0		
HoiH11_mRNA7319	OG1	41.0		
HoiH04_mRNA916	OG1	41.0		
Tadh_TriadT64410	OG1	41.0		
HoiH06_mRNA6852	OG1	41.0		
HoiH23_PlH23_009706-RA	OG1	41.0		
Spolac_c104807_g1_i1_m.43456c104807-g1	OG2	25.0		
Spur_XM_030999750.1	OG2	25.0		
Lcom_lcpid247326	OG2	25.0		
Nemnom_g8956.t1	OG2	25.0		
Amil_Amillepora16549-RA	OG2	25.0		
Rhoesc_Res_001920-T1	OG2	25.0		
Acagra_model.g15772.t1	OG2	25.0		
Hsap_ENST00000311832	OG2	25.0		
Cscu_XM_023374136.1	OG2	25.0		
Pocdam_XM_027195506.1	OG2	25.0		
Acagra_model.g15773.t1	OG2	25.0		
Adig_XM_015923296.1	OG2	25.0		
Xesp_012224-T1	OG2	25.0		
Morvir_scaffold2.g40.t1	OG2	25.0		
Ctel_gnl_WGS_AMQN_CAPTEDRAFT_mRNA113876	OG2	25.0		
Exapal_XM_021049975.2	OG2	25.0		
Spis_XP_022784297_1	OG2	25.0		
Skow_XM_002736577.2	OG2	25.0		
Gfas_gfas1.m1.13479.m1	OG2	25.0		
Cgig_XM_011439648.3	OG2	25.0		
Gasp_gasp1.m3.9934.m1	OG2	25.0		
Sanmal_Sma_026494-T1	OG2	25.0		
Nvec_NVE17079	OG2	25.0		
Dgig_XM_028542968.1	OG2	25.0		
Bralan_BLAG02000466_1	OG2	25.0		
Fspp_ffun1.m4.14441.m1	OG2	25.0		
Spolac_c104807_g1_i2_m.43457c104807-g1	OG2	25.0		
Xestes_maker-XT_scaffold40595-augustus-gene-0.31-mRNA-1	OG2	25.0		
Halamb_c32437_g1_i1m.7132	OG2	25.0		
Spolac_c104807_g1_i3_m.43458c104807-g1	OG2	25.0		
Emue_Em0014g582a.t1	OG2	25.0		
Aque_Aqu2.1.43611_001	OG2	25.0		
