gene	orthogroup	orthogroup_support	reference_ortholog	reference_support
Hsap_ENST00000233025	OG0	38.0		
Lcom_lcpid156317	OG0	38.0		
Ctel_gnl_WGS_AMQN_CAPTEDRAFT_mRNA182747	OG0	38.0		
Emue_Em0008g671a.t1	OG0	38.0		
Tetwil_g11308.t1	OG0	38.0		
Spolac_c93116_g1_i1_m.8500c93116-g1	OG0	38.0		
Lcom_lcpid25601	OG0	38.0		
Opea_EP00118_Oscarella_pearsei_P028971	OG0	38.0		
Cgig_XM_011446125.3	OG0	38.0		
Dpul_mRNA29887	OG0	38.0		
Cscu_XM_023376460.1	OG0	38.0		
Tcas_TC010137_001	OG0	38.0		
Acagra_model.g30942.t1	OG0	38.0		
HoiH06_mRNA5489	OG0	38.0		
Spur_XM_011671070.2	OG0	38.0		
Hhon_g01734.t1	OG0	38.0		
Tadh_TriadT57735	OG0	38.0		
Bralan_BLAG11000853_1	OG0	38.0		
HoiH04_mRNA5980	OG0	38.0		
TrH2_TrispH2_010860-RA	OG0	38.0		
HoiH23_PlH23_006388-RA	OG0	38.0		
Skow_XM_002733586.2	OG0	38.0		
Sanmal_Sma_006355-T1	OG1	38.0		
Pocdam_XM_027197739.1	OG1	38.0		
Gfas_gfas1.m1.13337.m1	OG1	38.0		
Nvec_v1g169043	OG1	38.0		
Dgig_XM_028541033.1	OG1	38.0		
Coemet_Cmet_scaffold20097_01	OG1	38.0		
Xesp_004977-T1	OG1	38.0		
Pbac_sb2641950	OG1	38.0		
Horcal_Hcv1.av93.c6.g838.i1	OG1	38.0		
Adig_XM_015909181.1	OG1	38.0		
Fspp_ffun1.m4.18025.m1	OG1	38.0		
Exapal_XM_021041507.2	OG1	38.0		
Spis_XP_022808886_1	OG1	38.0		
Amil_Amillepora32276-RA	OG1	38.0		
Aque_Aqu2.1.36215_001	OG1	38.0		
Hvul_g17579_1	OG1	38.0		
Rhoesc_Res_010285-T1	OG1	38.0		
Lcom_lcpid190283	OG1	38.0		
Sanmal_Sma_019503-T1	OG1	38.0		
Chem_TCONS_00016256	OG1	38.0		
Lcom_lcpid237774	OG1	38.0		
Morvir_scaffold30.g90.t1	OG1	38.0		
Sanmal_Sma_019509-T1	OG1	38.0		
Nemnom_g6217.t1	OG1	38.0		
