gene	orthogroup	orthogroup_support	reference_ortholog	reference_support
Spur_XM_030994474.1	OG0	67.0		
Horcal_Hcv1.av93.c5.g626.i1	OG0	67.0		
Drygla_Dgla_sb291204	OG0	67.0		
Xestes_maker-XT_scaffold4856-augustus-gene-0.46-mRNA-1	OG0	67.0		
Bralan_BLAG13000409_1	OG0	67.0		
Pbac_sb2645032	OG0	67.0		
Vmul_sbMO407162	OG0	67.0		
Emue_Em0010g175a.t1	OG0	67.0		
Eupdun_Edun_sb10636608	OG0	67.0		
Dpul_mRNA5772	OG0	67.0		
Aque_Aqu2.1.38675_001	OG0	67.0		
Beraby_Baby_sb352579	OG0	67.0		
Lcom_lcpid146277	OG0	67.0		
Mlei_ML2679.g18.i1	OG0	67.0		
Spolac_c92508_g1_i1_m.7876c92508-g1	OG0	67.0		
Halamb_c64575_g1_i1m.46065	OG0	67.0		
Stycar_maker-SC_scaffold4422-augustus-gene-0.13-mRNA-1	OG0	67.0		
Tetwil_g24426.t1	OG0	67.0		
Lcom_lcpid240662	OG0	67.0		
Halamb_c39107_g1_i2mm.665	OG0	67.0		
Lampan_Lpan_11266_01	OG0	67.0		
Ctel_gnl_WGS_AMQN_CAPTEDRAFT_mRNA21542	OG1	37.0		
Clacor_Ccor_C517967_01	OG1	37.0		
Acagra_model.g11721.t1	OG1	37.0		
Cgig_XM_011442884.3	OG2	44.0		
Hvul_g30499_1	OG2	44.0		
Adig_XM_015904235.1	OG2	44.0		
Rhoesc_Res_013103-T1	OG2	44.0		
Skow_XM_002736950.2	OG2	44.0		
Spis_XP_022800165_1	OG2	44.0		
Clacor_Ccor_scaffold4746_01	OG2	44.0		
Gasp_gasp1.m3.4633.m1	OG2	44.0		
Xesp_020558-T1	OG2	44.0		
HoiH11_mRNA695	OG2	44.0		
Fspp_ffun1.m4.23584.m1	OG2	44.0		
Chem_TCONS_00067085	OG2	44.0		
Leuniv_Lniv_scaffold19566_01	OG2	44.0		
Ocar_g7189	OG2	44.0		
Lcom_lcpid96864	OG2	44.0		
Exapal_XM_021043480.1	OG2	44.0		
Cscu_XM_023364497.1	OG2	44.0		
HoiH23_PlH23_007979-RA	OG2	44.0		
Scil_scict017277.1	OG2	44.0		
Pocdam_XM_027184223.1	OG2	44.0		
Sanmal_Sma_026200-T2	OG2	44.0		
Hsap_ENST00000320756	OG2	44.0		
Opea_EP00118_Oscarella_pearsei_P024803	OG2	44.0		
Nemnom_g4364.t1	OG2	44.0		
Gfas_gfas1.m1.17214.m1	OG2	44.0		
Gasp_gasp1.m3.4634.m1	OG2	44.0		
Gracom_Gcom_scaffold16413_01	OG2	44.0		
Dgig_XM_028543708.1	OG2	44.0		
HoiH06_mRNA12880	OG2	44.0		
HoiH06_mRNA11656	OG2	44.0		
Tcas_TC016112_001	OG2	44.0		
TrH2_TrispH2_008903-RA	OG2	44.0		
Hsap_ENST00000371470	OG2	44.0		
Hhon_g11181.t1	OG2	44.0		
Xesp_020320-T1	OG2	44.0		
Nvec_v1g200013	OG2	44.0		
Tadh_TriadT33631	OG2	44.0		
Amil_Amillepora05931-RA	OG2	44.0		
Lcom_lcpid177265	OG3	1.0		
