gene	orthogroup	orthogroup_support	reference_ortholog	reference_support
Amil_Amillepora16265-RA	OG0	39.0		
Gracom_Gcom_C547660_01	OG0	39.0		
Lcom_lcpid132508	OG0	39.0		
Gracom_Gcom_scaffold15787_01	OG0	39.0		
Lcom_lcpid107186	OG0	39.0		
Leuniv_Lniv_scaffold20961_01	OG0	39.0		
Spur_XM_787978.5	OG0	39.0		
Lcom_lcpid103616	OG0	39.0		
Lcom_lcpid92311	OG0	39.0		
Skow_XM_002735665.2	OG0	39.0		
Gracom_Gcom_C543528_01	OG0	39.0		
Leuniv_Lniv_C782803_01	OG0	39.0		
Scil_scict022410.3	OG0	39.0		
Ctel_gnl_WGS_AMQN_CAPTEDRAFT_mRNA224035	OG0	39.0		
Cgig_XM_011426950.3	OG0	39.0		
Lcom_lcpid170143	OG0	39.0		
Skow_XM_002741699.2	OG0	39.0		
Leuniv_Lniv_scaffold20962_01	OG0	39.0		
Scil_scict002751.2	OG0	39.0		
Gracom_Gcom_scaffold17571_01	OG0	39.0		
Ctel_gnl_WGS_AMQN_CAPTEDRAFT_mRNA227223	OG0	39.0		
Scil_scict008642.1	OG0	39.0		
Spur_XM_030998713.1	OG0	39.0		
Spur_XM_774821.5	OG0	39.0		
Scil_scict013067.1	OG0	39.0		
Cgig_XM_011449528.3	OG0	39.0		
Lcom_lcpid92921	OG0	39.0		
Lcom_lcpid100342	OG0	39.0		
Scil_scict019729.1	OG0	39.0		
Scil_scict016977.1	OG0	39.0		
Cgig_XM_011417700.3	OG0	39.0		
Scil_scict019320.1	OG0	39.0		
Lcom_lcpid95389	OG0	39.0		
Lcom_lcpid54298	OG0	39.0		
Leuniv_Lniv_C795998_01	OG0	39.0		
Lcom_lcpid131108	OG0	39.0		
Cgig_XM_011417702.3	OG0	39.0		
Exapal_XM_021053833.2	OG0	39.0		
Gfas_gfas1.m1.13792.m1	OG0	39.0		
Nemnom_g17242.t1	OG0	39.0		
Aaur_scaffold387.g11.t1	OG0	39.0		
Dgig_XM_028540235.1	OG0	39.0		
Pocdam_XM_027188616.1	OG0	39.0		
Gasp_gasp1.m3.1978.m1	OG0	39.0		
Spis_XP_022792792_1	OG0	39.0		
Fspp_ffun1.m4.31143.m1	OG0	39.0		
Sanmal_Sma_027158-T1	OG0	39.0		
Adig_XM_015896200.1	OG0	39.0		
Rhoesc_Res_001568-T1	OG0	39.0		
Xesp_012484-T1	OG0	39.0		
Skow_XM_006824320.1	OG1	59.0		
Cscu_XM_023362600.1	OG1	59.0		
Hsap_ENST00000366788	OG1	59.0		
Cgig_XM_011454984.3	OG1	59.0		
Bralan_BLAG04000465_1	OG1	59.0		
Ctel_gnl_WGS_AMQN_CAPTEDRAFT_mRNA105621	OG1	59.0		
Acagra_model.g15746.t1	OG1	59.0		
Skow_XM_002741001.2	OG1	59.0		
Skow_XM_006817608.1	OG1	59.0		
Bralan_BLAG04000463_1	OG2	76.0		
Ctel_gnl_WGS_AMQN_CAPTEDRAFT_mRNA210483	OG2	76.0		
Tcas_TC034592_003	OG2	76.0		
HoiH04_mRNA2235	OG2	76.0		
Tadh_TriadT58994	OG2	76.0		
Skow_XM_002732357.2	OG2	76.0		
Dpul_mRNA30741	OG2	76.0		
TrH2_TrispH2_005800-RA	OG2	76.0		
Acagra_model.g16340.t1	OG2	76.0		
Cgig_XM_011414062.3	OG2	76.0		
HoiH23_PlH23_007995-RA	OG2	76.0		
HoiH06_mRNA10070	OG2	76.0		
Spur_XM_030999789.1	OG2	76.0		
