gene	orthogroup	orthogroup_support	reference_ortholog	reference_support
Clacor_Ccor_scaffold4665_01	OG0	100.0		
Gracom_Gcom_scaffold3936_01	OG0	100.0		
Scil_scict016391.2	OG0	100.0		
Leuniv_Lniv_scaffold8278_01	OG0	100.0		
Lcom_lcpid69307	OG0	100.0		
Stycar_maker-SC_scaffold687-augustus-gene-0.20-mRNA-1	OG1	100.0		
Pocdam_XM_027187454.1	OG1	100.0		
Dpul_mRNA29816	OG1	100.0		
Skow_XM_006814318.1	OG1	100.0		
Adig_XM_015914064.1	OG1	100.0		
Cscu_XM_023379421.1	OG1	100.0		
Cscu_XM_023353607.1	OG1	100.0		
Hsap_ENST00000218867	OG1	100.0		
Cscu_XM_023379422.1	OG1	100.0		
Fspp_ffun1.m4.17102.m1	OG1	100.0		
Ctel_gnl_WGS_AMQN_CAPTEDRAFT_mRNA178434	OG1	100.0		
Hsap_ENST00000337851	OG1	100.0		
Adig_XM_015905561.1	OG1	100.0		
Dgig_XM_028542081.1	OG1	100.0		
Spur_XM_011666747.2	OG1	100.0		
Hsap_ENST00000382080	OG1	100.0		
Hvul_g29257_1	OG1	100.0		
Nvec_v1g246044	OG1	100.0		
Gfas_gfas1.m1.2074.m1	OG1	100.0		
Spis_XP_022786014_1	OG1	100.0		
Nemnom_g16261.t1	OG1	100.0		
Xesp_015799-T1	OG1	100.0		
Gasp_gasp1.m3.4730.m1	OG1	100.0		
Bralan_BLAG06000441_1	OG1	100.0		
Lcom_lcpid133279	OG1	100.0		
Cgig_XM_011454822.3	OG1	100.0		
Rhoesc_Res_000081-T1	OG1	100.0		
Sanmal_Sma_011233-T1	OG1	100.0		
Acagra_model.g16.t1.1.5d3b81ed	OG1	100.0		
Morvir_scaffold26.g25.t1	OG1	100.0		
Amil_Amillepora07639-RA	OG1	100.0		
Tcas_TC032792_001	OG1	100.0		
Exapal_XM_021042416.2	OG1	100.0		
Aque_Aqu2.1.31486_001	OG1	100.0		
Halamb_c44190_g1_i1m.17162	OG1	100.0		
Emue_Em0022g173a.t1	OG1	100.0		
Plespi_Pspi_scaffold11109_01	OG1	100.0		
Opea_EP00118_Oscarella_pearsei_P025071	OG1	100.0		
Spolac_c92132_g1_i1_m.7530c92132-g1	OG1	100.0		
Plajan_Pjan_scaffold21065_01	OG1	100.0		
Tetwil_g11875.t1	OG1	100.0		
Tetwil_g11873.t1	OG1	100.0		
