gene	orthogroup	orthogroup_support	reference_ortholog	reference_support
Mlei_ML0019.g17.i1	OG0	70.0		
Lcom_lcpid205190	OG0	70.0		
Lcom_lcpid236822	OG0	70.0		
Lcom_lcpid231907	OG0	70.0		
Horcal_Hcv1.av93.c2.g1652.i1	OG0	70.0		
Dgig_XM_028550362.1	OG1	70.0		
Hvul_g5575_1	OG1	70.0		
Sanmal_Sma_007597-T1	OG1	70.0		
Tetwil_g20846.t1	OG1	70.0		
HoiH04_mRNA10486	OG1	70.0		
Nemnom_g10112.t1	OG1	70.0		
TrH2_TrispH2_004512-RA	OG1	70.0		
Cgig_XM_011451607.2	OG1	70.0		
Acagra_model.g8239.t1	OG1	70.0		
Bralan_BLAG02001541_1	OG1	70.0		
Spis_XP_022785835_1	OG1	70.0		
Exapal_XM_021038156.2	OG1	70.0		
HoiH23_PlH23_005990-RA	OG1	70.0		
Fspp_ffun1.m4.29797.m1	OG1	70.0		
Ctel_gnl_WGS_AMQN_CAPTEDRAFT_mRNA21459	OG1	70.0		
Nvec_v1g109201	OG1	70.0		
Adig_XM_015899457.1	OG1	70.0		
Aque_Aqu2.1.39147_001	OG1	70.0		
Emue_Em0023g244a.t1	OG1	70.0		
Tadh_wf_g7153.t1	OG1	70.0		
Tcas_TC004308_001	OG1	70.0		
Spur_XM_030983020.1	OG1	70.0		
Clacor_Ccor_scaffold2219_01	OG1	70.0		
Pocdam_XM_027180884.1	OG1	70.0		
Skow_XM_006812507.1	OG1	70.0		
Lcom_lcpid238675	OG1	70.0		
Lcom_lcpid241658	OG1	70.0		
Lcom_lcpid224710	OG1	70.0		
Aaur_scaffold6676.g1.t1	OG1	70.0		
Morvir_scaffold2169.g1.t1	OG1	70.0		
Amil_Amillepora21932-RA	OG1	70.0		
HoiH06_mRNA11403	OG1	70.0		
Ocar_g1372	OG1	70.0		
Cscu_XM_023388237.1	OG1	70.0		
Dpul_mRNA29888	OG1	70.0		
Hsap_ENST00000370592	OG1	70.0		
Rhoesc_Res_012063-T1	OG1	70.0		
Gfas_gfas1.m1.1791.m1	OG1	70.0		
Hhon_g07416.t1	OG1	70.0		
Xesp_000306-T1	OG1	70.0		
