gene	orthogroup	orthogroup_support	reference_ortholog	reference_support
Plespi_Pspi_scaffold15895_01	OG0	77.0		
Spolac_c100353_g1_i1_m.22198c100353-g1	OG0	77.0		
Stycar_augustus_masked-SC_scaffold17732-processed-gene-0.0-mRNA-1	OG0	77.0		
Tetwil_g27260.t1	OG0	77.0		
Aque_Aqu2.1.36517_001	OG0	77.0		
Xestes_maker-XT_scaffold84-augustus-gene-0.34-mRNA-1	OG0	77.0		
Emue_Em0015g648a.t1	OG0	77.0		
Lcom_lcpid215705	OG0	77.0		
Halamb_c49725_g1_i1m.26758	OG0	77.0		
Opea_EP00118_Oscarella_pearsei_P025615	OG1	84.0		
Gracom_Gcom_C557320_01	OG1	84.0		
Lcom_lcpid112182	OG1	84.0		
Lcom_lcpid170200	OG1	84.0		
Leuniv_Lniv_scaffold8367_01	OG1	84.0		
Lcom_lcpid53763	OG1	84.0		
Gracom_Gcom_scaffold18501_01	OG1	84.0		
Leuniv_Lniv_scaffold25325_01	OG1	84.0		
Lcom_lcpid160841	OG1	84.0		
Clacor_Ccor_C535909_01	OG1	84.0		
Lcom_lcpid160259	OG1	84.0		
Scil_scict008082.1	OG1	84.0		
Clacor_Ccor_C524403_01	OG1	84.0		
Scil_scict016643.1	OG1	84.0		
Scil_scict020015.1	OG1	84.0		
Leuniv_Lniv_scaffold19303_01	OG1	84.0		
Lcom_lcpid132292	OG1	84.0		
Lcom_lcpid229767	OG1	84.0		
Lcom_lcpid206793	OG1	84.0		
Lcom_lcpid203489	OG1	84.0		
Plajan_Pjan_C565320_01	OG1	84.0		
Ocar_g415	OG1	84.0		
Bralan_BLAG07001266_1	OG2	52.0		
Gfas_gfas1.m1.2233.m1	OG2	52.0		
Lcom_lcpid228223	OG2	52.0		
Spur_XM_030976037.1	OG2	52.0		
Exapal_XM_021047082.2	OG2	52.0		
Acagra_model.g31249.t1	OG2	52.0		
Opea_EP00118_Oscarella_pearsei_P007979	OG2	52.0		
Tcas_TC004431_001	OG2	52.0		
Cscu_XM_023377646.1	OG2	52.0		
Cscu_XM_023377641.1	OG2	52.0		
Spur_XM_030975858.1	OG2	52.0		
Ocar_g11018	OG2	52.0		
Ctel_gnl_WGS_AMQN_CAPTEDRAFT_mRNA154594	OG2	52.0		
Fspp_ffun1.m4.10294.m1	OG2	52.0		
Amil_Amillepora04863-RA	OG2	52.0		
Spis_XP_022783011_1	OG2	52.0		
Dgig_XM_028543287.1	OG2	52.0		
Pocdam_XM_027202637.1	OG2	52.0		
Lcom_lcpid146986	OG2	52.0		
Cscu_XM_023377647.1	OG2	52.0		
Cscu_XM_023357186.1	OG2	52.0		
Gasp_gasp1.m3.16240.m1	OG2	52.0		
Hsap_ENST00000617267	OG2	52.0		
Adig_XM_015915275.1	OG2	52.0		
Xesp_001877-T1	OG2	52.0		
Nvec_v1g218908	OG2	52.0		
Skow_XM_006816889.1	OG2	52.0		
Skow_XM_006816890.1	OG2	52.0		
Cgig_XM_034479932.1	OG2	52.0		
Cscu_XM_023377650.1	OG3	1.0		
Lcom_lcpid197350	OG4	1.0		
