gene	orthogroup	orthogroup_support	reference_ortholog	reference_support
Lcom_lcpid173517	OG0	100.0		
Lcom_lcpid180844	OG0	100.0		
Ctel_gnl_WGS_AMQN_CAPTEDRAFT_mRNA173954	OG1	100.0		
Pocdam_XM_027187664.1	OG1	100.0		
Opea_EP00118_Oscarella_pearsei_P017115	OG1	100.0		
Opea_EP00118_Oscarella_pearsei_P017113	OG1	100.0		
TrH2_TrispH2_004946-RA	OG1	100.0		
Rhoesc_Res_004400-T1	OG1	100.0		
Cscu_XM_023365946.1	OG1	100.0		
Nvec_NVE12880	OG1	100.0		
Nvec_v1g19170	OG1	100.0		
Hhon_g06560.t1	OG1	100.0		
Dpul_mRNA26490	OG1	100.0		
Opea_EP00118_Oscarella_pearsei_P017114	OG1	100.0		
Lcom_lcpid204321	OG1	100.0		
Exapal_XM_021036547.2	OG1	100.0		
Bralan_BLAG04000139_1	OG1	100.0		
Xesp_022048-T1	OG1	100.0		
Gasp_gasp1.m3.29337.m1	OG1	100.0		
HoiH23_PlH23_001844-RA	OG1	100.0		
Ocar_g9023	OG1	100.0		
HoiH11_mRNA3648	OG1	100.0		
HoiH06_mRNA1977	OG1	100.0		
Adig_XM_015913373.1	OG1	100.0		
Gfas_gfas1.m1.14007.m1	OG1	100.0		
Spis_XP_022798809_1	OG1	100.0		
Skow_XM_002740410.2	OG1	100.0		
Amil_Amillepora27413-RA	OG1	100.0		
Tadh_TriadT61888	OG1	100.0		
Hsap_ENST00000334696	OG1	100.0		
HoiH04_mRNA16538	OG1	100.0		
Tcas_TC008016_001	OG1	100.0		
Cgig_XM_034469132.1	OG1	100.0		
Gasp_gasp1.m3.29834.m1	OG1	100.0		
Morvir_scaffold155.g23.t1	OG1	100.0		
Aaur_scaffold93.g3.t1	OG1	100.0		
Spur_XM_011671699.2	OG1	100.0		
Fspp_ffun1.m4.7326.m1	OG1	100.0		
Dgig_XM_028553235.1	OG1	100.0		
Hsap_ENST00000376652	OG1	100.0		
Acagra_model.g15905.t1	OG1	100.0		
