gene	orthogroup	orthogroup_support	reference_ortholog	reference_support
Halamb_c31813_g1_i1m.6830	OG0	1.0		
Sanmal_Sma_007659-T1	OG0	1.0		
Hsap_ENST00000229563	OG0	1.0		
Cscu_XM_023387957.1	OG0	1.0		
Amil_Amillepora23359-RA	OG0	1.0		
Fspp_ffun1.m4.5991.m1	OG0	1.0		
Cgig_XM_034455351.1	OG0	1.0		
Rhoesc_Res_011843-T1	OG0	1.0		
Xesp_020608-T1	OG0	1.0		
Tadh_TriadT58108	OG0	1.0		
Opea_EP00118_Oscarella_pearsei_P003954	OG0	1.0		
HoiH23_PlH23_002834-RA	OG0	1.0		
Hsap_ENST00000211314	OG0	1.0		
Bralan_BLAG02000895_1	OG0	1.0		
TrH2_TrispH2_000577-RA	OG0	1.0		
Pocdam_XM_027198616.1	OG0	1.0		
Dgig_XM_028543712.1	OG0	1.0		
Hhon_g00111.t1	OG0	1.0		
Spis_XP_022799837_1	OG0	1.0		
Exapal_XM_021059108.2	OG0	1.0		
Hsap_ENST00000467317	OG0	1.0		
Gfas_gfas1.m1.690.m1	OG0	1.0		
HoiH06_mRNA14829	OG0	1.0		
Nvec_v1g199230	OG0	1.0		
Gasp_gasp1.m3.12382.m1	OG0	1.0		
Tcas_TC033717_001	OG0	1.0		
Dpul_mRNA23721	OG0	1.0		
HoiH04_mRNA12403	OG0	1.0		
Hvul_g29723_1	OG0	1.0		
Nemnom_g11651.t1	OG0	1.0		
Ctel_gnl_WGS_AMQN_CAPTEDRAFT_mRNA172315	OG0	1.0		
Spur_XM_030983185.1	OG0	1.0		
Scil_scict020151.1	OG0	1.0		
Emue_Em0023g194a.t1	OG0	1.0		
Tetwil_g11098.t1	OG0	1.0		
Aque_Aqu2.1.30281_001	OG0	1.0		
Lcom_lcpid104445	OG0	1.0		
Spolac_c98054_g1_i1_m.16310c98054-g1	OG0	1.0		
