gene	orthogroup	orthogroup_support	reference_ortholog	reference_support
Leuniv_Lniv_C813246_01	OG0	76.0		
TrH2_TrispH2_010254-RA	OG0	76.0		
HoiH23_PlH23_004395-RA	OG0	76.0		
Tadh_TriadT55148	OG0	76.0		
HoiH04_mRNA4699	OG0	76.0		
HoiH11_mRNA1720	OG0	76.0		
HoiH06_mRNA13628	OG0	76.0		
Hhon_g07193.t1	OG0	76.0		
Gracom_Gcom_C548016_01	OG0	76.0		
Aque_Aqu2.1.34873_001	OG0	76.0		
Lcom_lcpid76622	OG0	76.0		
Clacor_Ccor_C541887_01	OG0	76.0		
Nvec_v1g243796	OG1	76.0		
Cgig_XM_011421574.3	OG1	76.0		
Cscu_XM_023371148.1	OG1	76.0		
Dpul_mRNA2617	OG1	76.0		
Dpul_mRNA13711	OG1	76.0		
Cscu_XM_023356027.1	OG1	76.0		
Skow_XM_006826050.1	OG1	76.0		
Tcas_TC032093_001	OG1	76.0		
Spur_XM_030972616.1	OG1	76.0		
Acagra_model.g10830.t1	OG1	76.0		
Cscu_XM_023384529.1	OG1	76.0		
Lcom_lcpid178249	OG1	76.0		
Ctel_gnl_WGS_AMQN_CAPTEDRAFT_mRNA225130	OG1	76.0		
Cscu_XM_023384530.1	OG1	76.0		
Tcas_TC032094_002	OG1	76.0		
Bralan_BLAG19000256_1	OG1	76.0		
Cscu_XM_023386109.1	OG1	76.0		
Tcas_TC000962_001	OG1	76.0		
Cscu_XM_023381844.1	OG1	76.0		
Dgig_XM_028537698.1	OG1	76.0		
Gasp_gasp1.m1b.25131.m1	OG1	76.0		
Fspp_ffun1.m4.12967.m1	OG1	76.0		
Hvul_g5737_1	OG1	76.0		
Spis_XP_022802815_1	OG1	76.0		
Nemnom_g4411.t1	OG1	76.0		
Adig_XM_015902996.1	OG1	76.0		
Exapal_XM_021043284.1	OG1	76.0		
Gfas_gfas1.m1.19943.m1	OG1	76.0		
Aaur_scaffold1158.g1.t2	OG1	76.0		
Chem_TCONS_00070403	OG1	76.0		
Rhoesc_Res_013050-T1	OG1	76.0		
Morvir_scaffold482.g13.t1	OG1	76.0		
Amil_Amillepora05827-RA	OG1	76.0		
