gene	orthogroup	orthogroup_support	reference_ortholog	reference_support
Lcom_lcpid122030	OG0	71.0		
Dpul_mRNA14199	OG0	71.0		
Tcas_TC013115_001	OG0	71.0		
Vmul_SimC386284	OG1	71.0		
Fspp_ffun1.m4.23148.m1	OG1	71.0		
Chem_TCONS_00022310	OG1	71.0		
Hsap_ENST00000382448	OG1	71.0		
Gfas_gfas1.m1.15456.m1	OG1	71.0		
Sanmal_Sma_008485-T1	OG1	71.0		
Bralan_BLAG02001548_1	OG1	71.0		
Amil_Amillepora00094-RA	OG1	71.0		
Ctel_gnl_WGS_AMQN_CAPTEDRAFT_mRNA172878	OG1	71.0		
Gracom_Gcom_C553446_01	OG1	71.0		
Opea_EP00118_Oscarella_pearsei_P002479	OG1	71.0		
Spis_XP_022786615_1	OG1	71.0		
Pocdam_XM_027196951.1	OG1	71.0		
Opea_EP00118_Oscarella_pearsei_P002478	OG1	71.0		
Lcom_lcpid79937	OG1	71.0		
Nemnom_g12788.t1	OG1	71.0		
Dgig_XM_028548077.1	OG1	71.0		
Scil_scict016966.1	OG1	71.0		
Hsap_ENST00000397299	OG1	71.0		
Clacor_Ccor_C524219_01	OG1	71.0		
Nvec_v1g162331	OG1	71.0		
Spur_XM_011663790.2	OG1	71.0		
Xesp_001149-T1	OG1	71.0		
Exapal_XM_021045248.2	OG1	71.0		
Morvir_scaffold47.g101.t1	OG1	71.0		
Ocar_g5795	OG1	71.0		
Skow_XM_002731375.2	OG1	71.0		
Cgig_XM_034481426.1	OG1	71.0		
Hvul_g24763_1	OG1	71.0		
Rhoesc_Res_016780-T1	OG1	71.0		
Gasp_gasp1.m3.12988.m1	OG1	71.0		
Adig_XM_015900144.1	OG1	71.0		
Mertsp_Mesp_sb585318	OG1	71.0		
Coemet_Cmet_C583230_01	OG1	71.0		
Horcal_Hcv1.av93.c2.g267.i1	OG1	71.0		
Bolinf_Binf_sb1241271	OG1	71.0		
Pbac_sb2666527	OG1	71.0		
Mertsp_Mesp_sb585320	OG1	71.0		
Mlei_ML0573.g2.i1	OG1	71.0		
Pbac_sb2666528	OG1	71.0		
Beraby_Baby_sb331035	OG1	71.0		
Lampan_Lpan_C408327_01	OG1	71.0		
