gene	orthogroup	orthogroup_support	reference_ortholog	reference_support
Hsap_ENST00000465518	OG0	31.0		
Gasp_gasp1.m3.24608.m1	OG0	31.0		
Pocdam_XM_027187826.1	OG0	31.0		
Fspp_ffun1.m4.10189.m1	OG0	31.0		
Morvir_scaffold136.g34.t1	OG0	31.0		
Chem_TCONS_00060063	OG0	31.0		
Xesp_011260-T1	OG0	31.0		
Spis_XP_022783542_1	OG0	31.0		
Exapal_XM_021045102.2	OG0	31.0		
Hvul_g32560_1	OG0	31.0		
Nemnom_g11253.t1	OG0	31.0		
Gfas_gfas1.m1.3876.m1	OG0	31.0		
Dgig_XM_028554427.1	OG0	31.0		
Amil_Amillepora05137-RA	OG0	31.0		
Gasp_gasp1.m3.10113.m1	OG0	31.0		
Nvec_v1g233657	OG0	31.0		
Aaur_scaffold1815.g1.t1	OG0	31.0		
Adig_XM_015910323.1	OG0	31.0		
Hsap_ENST00000369454	OG1	31.0		
TrH2_TrispH2_005117-RA	OG1	31.0		
Tadh_TriadT6667	OG1	31.0		
HoiH23_PlH23_003746-RA	OG1	31.0		
Clacor_Ccor_C536347_01	OG1	31.0		
Lcom_lcpid92727	OG1	31.0		
Spolac_c104446_g4_i1_m.40535c104446-g4	OG1	31.0		
Hhon_g02290.t1	OG1	31.0		
Plespi_Pspi_C595352_01	OG1	31.0		
Scil_scict017576.1	OG1	31.0		
HoiH23_PlH23_006527-RA	OG1	31.0		
Plajan_Pjan_C545927_01	OG1	31.0		
Leuniv_Lniv_C805398_01	OG1	31.0		
Stycar_augustus_masked-SC_scaffold4109-processed-gene-0.9-mRNA-1	OG1	31.0		
Emue_Em0023g471a.t1	OG1	31.0		
Opea_EP00118_Oscarella_pearsei_P026078	OG1	31.0		
Gracom_Gcom_C550078_01	OG1	31.0		
HoiH04_mRNA6203	OG1	31.0		
HoiH06_mRNA8941	OG1	31.0		
HoiH11_mRNA5015	OG1	31.0		
Acagra_model.g25654.t1	OG1	31.0		
Spur_XM_030995451.1	OG1	31.0		
Cscu_XM_023365613.1	OG1	31.0		
Bralan_BLAG01000868_1	OG1	31.0		
Skow_XM_002732854.2	OG1	31.0		
Tcas_TC005229_001	OG1	31.0		
Ctel_gnl_WGS_AMQN_CAPTEDRAFT_mRNA6646	OG1	31.0		
Hsap_ENST00000320578	OG1	31.0		
Cgig_XM_011441633.3	OG1	31.0		
Dpul_mRNA28080	OG1	31.0		
