gene	orthogroup	orthogroup_support	reference_ortholog	reference_support
Opea_EP00118_Oscarella_pearsei_P000261	OG0	47.0		
Spolac_c104321_g2_i1_m.39686c104321-g2	OG0	47.0		
Tetwil_g17436.t2	OG0	47.0		
Aque_Aqu2.1.30022_001	OG0	47.0		
Spolac_c104321_g4_i3_m.39689c104321-g4	OG0	47.0		
Emue_Em0016g173a.t1	OG0	47.0		
Stycar_maker-SC_scaffold5731-augustus-gene-0.56-mRNA-1	OG0	47.0		
Spolac_c104321_g5_i1_m.39687c104321-g2	OG0	47.0		
Spolac_c104321_g4_i2_m.39688c104321-g4	OG0	47.0		
Lcom_lcpid81103	OG0	47.0		
Plajan_Pjan_scaffold21414_01	OG0	47.0		
Leuniv_Lniv_scaffold2979_01	OG0	47.0		
Lcom_lcpid77331	OG0	47.0		
Cscu_XM_023360801.1	OG1	89.0		
Nemnom_g18714.t1	OG1	89.0		
Pocdam_XM_027190206.1	OG1	89.0		
Sanmal_Sma_021448-T1	OG1	89.0		
Gasp_gasp1.m3.1013.m1	OG1	89.0		
Xesp_008012-T1	OG1	89.0		
Dgig_XM_028555150.1	OG1	89.0		
Rhoesc_Res_015345-T2	OG1	89.0		
Adig_XM_015919994.1	OG1	89.0		
Fspp_ffun1.m4.5449.m1	OG1	89.0		
Leuniv_Lniv_scaffold12689_01	OG1	89.0		
Lcom_lcpid239754	OG1	89.0		
Gfas_gfas1.m1.16283.m1	OG1	89.0		
Nvec_v1g10122	OG1	89.0		
Exapal_XM_028657929.1	OG1	89.0		
Morvir_scaffold116.g37.t1	OG1	89.0		
Sanmal_Sma_021442-T1	OG1	89.0		
Aaur_scaffold620.g3.t5	OG1	89.0		
Spis_XP_022783761_1	OG1	89.0		
Amil_Amillepora01481-RA	OG1	89.0		
Bralan_BLAG08000439_1	OG1	89.0		
Ctel_gnl_WGS_AMQN_CAPTEDRAFT_mRNA224554	OG1	89.0		
Hsap_ENST00000294725	OG1	89.0		
Acagra_model.g18506.t1	OG1	89.0		
Tcas_TC032248_001	OG1	89.0		
Cgig_XM_011448526.3	OG1	89.0		
Skow_XM_006821579.1	OG1	89.0		
Hsap_ENST00000487664	OG1	89.0		
Acagra_model.g21026.t1	OG1	89.0		
Cgig_XM_034446677.1	OG1	89.0		
Spur_XM_030997721.1	OG1	89.0		
Dpul_mRNA1891	OG1	89.0		
Cgig_XM_034458772.1	OG1	89.0		
Leuniv_Lniv_scaffold20393_01	OG2	1.0		
