gene	orthogroup	orthogroup_support	reference_ortholog	reference_support
Amil_Amillepora00433-RA	OG0	64.0		
Stycar_maker-SC_scaffold7307-augustus-gene-0.10-mRNA-1	OG0	64.0		
Emue_Em0016g1112a.t1	OG0	64.0		
Gracom_Gcom_scaffold3268_01	OG0	64.0		
Lcom_lcpid158538	OG0	64.0		
Tetwil_g8189.t1	OG0	64.0		
Opea_EP00118_Oscarella_pearsei_P024719	OG0	64.0		
Lcom_lcpid218476	OG0	64.0		
Ocar_g5811	OG0	64.0		
Dgig_XM_028538781.1	OG0	64.0		
Lcom_lcpid124079	OG0	64.0		
Lcom_lcpid175828	OG0	64.0		
Halamb_c36852_g1_i1m.9567	OG0	64.0		
Xesp_007768-T1	OG0	64.0		
Emue_Em0531g11a.t1	OG0	64.0		
Spolac_c38030_g1_i1_m.893c38030-g1	OG0	64.0		
Xestes_maker-XT_scaffold4915-snap-gene-0.10-mRNA-1	OG0	64.0		
Scil_scict005519.1	OG0	64.0		
Adig_XM_015900835.1	OG0	64.0		
Exapal_XM_021043387.2	OG0	64.0		
Nvec_v1g191954	OG0	64.0		
Fspp_ffun1.m4.12426.m1	OG0	64.0		
Sanmal_Sma_008252-T1	OG0	64.0		
Gfas_gfas1.m1.17097.m1	OG0	64.0		
Pocdam_XM_027187416.1	OG0	64.0		
Morvir_scaffold162.g32.t1	OG0	64.0		
Gasp_gasp1.m3.12713.m1	OG0	64.0		
Hvul_g6875_1	OG0	64.0		
Spis_XP_022796787_1	OG0	64.0		
Rhoesc_Res_015700-T1	OG0	64.0		
Nemnom_g5334.t1	OG0	64.0		
Lcom_lcpid208194	OG1	86.0		
Tcas_TC008706_001	OG1	86.0		
Cscu_XM_023376940.1	OG1	86.0		
Tcas_TC009074_001	OG1	86.0		
Dpul_mRNA12355	OG1	86.0		
Hsap_ENST00000489986	OG2	45.0		
Tadh_TriadT63629	OG2	45.0		
TrH2_TrispH2_003048-RA	OG2	45.0		
Mlei_ML0713.g19.i1	OG2	45.0		
Hhon_g09417.t1	OG2	45.0		
Horcal_Hcv1.av93.c7.g546.i2	OG2	45.0		
HoiH23_PlH23_000022-RA	OG2	45.0		
HoiH11_mRNA6128	OG2	45.0		
Lampan_Lpan_14391_01	OG2	45.0		
Pbac_sb2658694	OG2	45.0		
HoiH04_mRNA1206	OG2	45.0		
Hsap_ENST00000415099	OG2	45.0		
Skow_XM_002730681.1	OG2	45.0		
Hsap_ENST00000374050	OG2	45.0		
Hsap_ENST00000376185	OG2	45.0		
Skow_XM_002730955.2	OG3	38.0		
Lcom_lcpid207895	OG3	38.0		
Lcom_lcpid210589	OG3	38.0		
Acagra_model.g21031.t1	OG3	38.0		
Lcom_lcpid138433	OG3	38.0		
Ctel_gnl_WGS_AMQN_CAPTEDRAFT_mRNA150810	OG3	38.0		
Cgig_XM_011453946.3	OG3	38.0		
Bralan_BLAG08000978_1	OG3	38.0		
Spur_XM_030997549.1	OG3	38.0		
Lcom_lcpid186578	OG4	1.0		
