gene	orthogroup	orthogroup_support	reference_ortholog	reference_support
Xesp_004755-T1	OG0	56.0		
HoiH23_PlH23_005677-RA	OG0	56.0		
Tadh_TriadT55106	OG0	56.0		
TrH2_TrispH2_008597-RA	OG0	56.0		
HoiH04_mRNA10405	OG0	56.0		
HoiH06_mRNA10946	OG0	56.0		
Dgig_XM_028545114.1	OG0	56.0		
Dgig_XM_028544869.1	OG0	56.0		
Leuniv_Lniv_C797040_01	OG1	27.0		
Horcal_Hcv1.av93.c1.g1657.i1	OG1	27.0		
Coeast_Cast_sb814367	OG1	27.0		
Lampan_Lpan_C420305_01	OG1	27.0		
Pbac_sb2665741	OG1	27.0		
Beraby_Baby_sb341392	OG1	27.0		
Coeast_Cast_sb814360	OG1	27.0		
Coeast_Cast_sb814354	OG1	27.0		
Pbac_sb2663214	OG1	27.0		
Eupdun_Edun_sb10628452	OG1	27.0		
Mlei_ML0063.g11.i1	OG1	27.0		
Lcom_lcpid119581	OG1	27.0		
Clacor_Ccor_scaffold12382_01	OG1	27.0		
Gracom_Gcom_scaffold12140_01	OG1	27.0		
Rhoesc_Res_005578-T1	OG2	47.0		
Halamb_c49439_g1_i1mm.3081	OG2	47.0		
Gfas_gfas1.m1.858.m1	OG2	47.0		
Halamb_c46874_g1_i2mm.2085	OG2	47.0		
Fspp_ffun1.m4.6164.m1	OG2	47.0		
Xesp_009918-T1	OG2	47.0		
Hsap_ENST00000374789	OG2	47.0		
Amil_Amillepora12424-RA	OG2	47.0		
Lcom_lcpid41857	OG2	47.0		
Halamb_c57296_g1_i1m.44649	OG2	47.0		
Cscu_XM_023357731.1	OG2	47.0		
Leuniv_Lniv_C764793_01	OG2	47.0		
Opea_EP00118_Oscarella_pearsei_P002071	OG2	47.0		
Emue_Em0065g21a.t1	OG2	47.0		
Spis_XP_022805325_1	OG2	47.0		
Tcas_TC034318_004	OG2	47.0		
Emue_Em0004g1513a.t1	OG2	47.0		
Plespi_Pspi_scaffold14975_01	OG2	47.0		
Plajan_Pjan_scaffold21653_01	OG2	47.0		
Bralan_BLAG10000343_1	OG2	47.0		
Skow_XM_006818796.1	OG2	47.0		
Ctel_gnl_WGS_AMQN_CAPTEDRAFT_mRNA76907	OG2	47.0		
Acagra_model.g22495.t1	OG2	47.0		
Aque_Aqu2.1.41077_001	OG2	47.0		
Dgig_XM_028560865.1	OG2	47.0		
Dpul_mRNA29623	OG2	47.0		
Hsap_ENST00000406610	OG2	47.0		
Dpul_mRNA29624	OG2	47.0		
Cgig_XM_034453696.1	OG2	47.0		
Gasp_gasp1.m3.14504.m1	OG2	47.0		
Pocdam_XM_027189365.1	OG2	47.0		
Adig_XM_015910622.1	OG2	47.0		
Dpul_mRNA29446	OG2	47.0		
Spolac_c77697_g1_i1_m.1931c100000-g3	OG2	47.0		
Cscu_XM_023384347.1	OG2	47.0		
Spolac_c103922_g1_i1_m.37033c100000-g3	OG2	47.0		
Ocar_g3219	OG2	47.0		
Spur_XM_030989807.1	OG2	47.0		
Cscu_XM_023381008.1	OG2	47.0		
Nvec_v1g240248	OG2	47.0		
Exapal_XM_021061655.2	OG2	47.0		
Fspp_ffun1.m4.6163.m1	OG2	47.0		
Hvul_g8467_1	OG2	47.0		
Sanmal_Sma_005585-T1	OG2	47.0		
Aaur_scaffold58.g22.t1	OG2	47.0		
Nemnom_g16816.t1	OG2	47.0		
Morvir_scaffold7.g138.t3	OG2	47.0		
Chem_TCONS_00033474	OG2	47.0		
