gene	orthogroup	orthogroup_support	reference_ortholog	reference_support
Opea_EP00118_Oscarella_pearsei_P025017	OG0	77.0		
Scil_scict023350.1	OG0	77.0		
Clacor_Ccor_C524375_01	OG0	77.0		
Clacor_Ccor_scaffold13803_01	OG0	77.0		
Lcom_lcpid91282	OG0	77.0		
Clacor_Ccor_C522047_01	OG0	77.0		
Scil_scict013708.1	OG0	77.0		
Lcom_lcpid111275	OG0	77.0		
Scil_scict007535.1	OG0	77.0		
Lcom_lcpid106610	OG0	77.0		
Leuniv_Lniv_scaffold8050_01	OG0	77.0		
Opea_EP00118_Oscarella_pearsei_P024679	OG0	77.0		
Cscu_XM_023355258.1	OG1	66.0		
Cgig_XM_020064583.2	OG1	66.0		
Acagra_model.g14154.t1	OG1	66.0		
Cgig_XM_011419818.3	OG1	66.0		
Ctel_gnl_WGS_AMQN_CAPTEDRAFT_mRNA172925	OG1	66.0		
Lcom_lcpid122685	OG1	66.0		
Cscu_XM_023355259.1	OG1	66.0		
Dpul_mRNA802	OG2	83.0		
Fspp_ffun1.m4.27992.m1	OG2	83.0		
Exapal_XM_021054956.2	OG2	83.0		
HoiH23_PlH23_003917-RA	OG2	83.0		
HoiH04_mRNA4713	OG2	83.0		
Skow_XM_002739126.2	OG2	83.0		
TrH2_TrispH2_004286-RA	OG2	83.0		
Chem_TCONS_00071290	OG2	83.0		
Spur_XM_030994484.1	OG2	83.0		
Morvir_scaffold289.g23.t1	OG2	83.0		
Spur_XM_788174.5	OG2	83.0		
Tadh_TriadT56988	OG2	83.0		
TrH2_TrispH2_004288-RA	OG2	83.0		
HoiH06_mRNA13994	OG2	83.0		
Hsap_ENST00000367883	OG2	83.0		
Hhon_g06458.t1	OG2	83.0		
Gfas_gfas1.m1.3720.m1	OG2	83.0		
HoiH04_mRNA15233	OG2	83.0		
Hvul_g13939_1	OG2	83.0		
Ctel_gnl_WGS_AMQN_CAPTEDRAFT_mRNA202245	OG2	83.0		
HoiH23_PlH23_003916-RA	OG2	83.0		
Adig_XM_015908729.1	OG2	83.0		
Amil_Amillepora20094-RA	OG2	83.0		
Dgig_XM_028559709.1	OG2	83.0		
Xesp_010954-T1	OG2	83.0		
Hhon_g06457.t1	OG2	83.0		
Tadh_TriadT25309	OG2	83.0		
Pocdam_XM_027195727.1	OG2	83.0		
Nvec_v1g240887	OG2	83.0		
Spis_XP_022795736_1	OG2	83.0		
Spur_XM_030994318.1	OG2	83.0		
Bralan_BLAG01000209_1	OG2	83.0		
Bralan_BLAG01000920_1	OG2	83.0		
Cgig_XM_011451462.3	OG2	83.0		
Lcom_lcpid150395	OG2	83.0		
Acagra_model.g2875.t1.1.5d3b8202	OG2	83.0		
Dpul_mRNA801	OG2	83.0		
Cgig_XM_011451463.3	OG2	83.0		
Aque_Aqu2.1.33340_001	OG2	83.0		
Lcom_lcpid226816	OG2	83.0		
Aque_Aqu2.1.33342_001	OG2	83.0		
Dpul_mRNA803	OG2	83.0		
