gene	orthogroup	orthogroup_support	reference_ortholog	reference_support
Lcom_lcpid207043	OG0	27.0		
Dpul_mRNA27935	OG0	27.0		
Spur_XM_030992883.1	OG0	27.0		
Skow_XM_006812419.1	OG0	27.0		
Bralan_BLAG03000999_1	OG0	27.0		
Tcas_TC012812_001	OG0	27.0		
Cscu_XM_023372039.1	OG0	27.0		
Acagra_model.g1781.t1.1.5d3b833e	OG0	27.0		
Hsap_ENST00000357743	OG0	27.0		
Hsap_ENST00000370602	OG0	27.0		
Ctel_gnl_WGS_AMQN_CAPTEDRAFT_mRNA169983	OG0	27.0		
Cgig_XM_011430087.3	OG0	27.0		
Pbac_sb2646763	OG0	27.0		
Mlei_ML4635.g31.i1	OG0	27.0		
Horcal_Hcv1.av93.c1.g1346.i1	OG0	27.0		
Rhoesc_Res_003026-T1	OG1	27.0		
Stycar_maker-SC_scaffold2602-snap-gene-0.3-mRNA-1	OG1	27.0		
Spolac_c95258_g1_i1_m.11225c95258-g1	OG1	27.0		
Lcom_lcpid120165	OG1	27.0		
Plajan_Pjan_C545145_01	OG1	27.0		
Aque_Aqu2.1.40747_001	OG1	27.0		
Emue_Em0013g406a.t1	OG1	27.0		
HoiH11_mRNA7954	OG1	27.0		
HoiH23_PlH23_010244-RA	OG1	27.0		
Scil_scict011765.1	OG1	27.0		
Hhon_g09238.t1	OG1	27.0		
Opea_EP00118_Oscarella_pearsei_P024807	OG1	27.0		
HoiH06_mRNA2338	OG1	27.0		
Spolac_c95258_g1_i2_m.11226c95258-g1	OG1	27.0		
HoiH04_mRNA16046	OG1	27.0		
Halamb_c36205_g1_i1mm.422	OG1	27.0		
TrH2_TrispH2_003608-RA	OG1	27.0		
Tadh_TriadT32497	OG1	27.0		
Gasp_gasp1.m3.14700.m1	OG1	27.0		
Adig_XM_015907493.1	OG1	27.0		
Xesp_013867-T1	OG1	27.0		
Pocdam_XM_027193801.1	OG1	27.0		
Gfas_gfas1.m1.19747.m1	OG1	27.0		
Morvir_scaffold5.g151.t1	OG1	27.0		
Dgig_XM_028535832.1	OG1	27.0		
Exapal_XM_021042507.2	OG1	27.0		
Fspp_ffun1.m4.6252.m1	OG1	27.0		
Hvul_g2119_1	OG1	27.0		
Amil_Amillepora01030-RA	OG1	27.0		
Spis_XP_022785960_1	OG1	27.0		
Nemnom_g13454.t1	OG1	27.0		
Nvec_v1g4557	OG1	27.0		
