gene	orthogroup	orthogroup_support	reference_ortholog	reference_support
Cgig_XM_011434574.3	OG0	59.0		
Lcom_lcpid180951	OG0	59.0		
Lcom_lcpid219168	OG0	59.0		
Ctel_gnl_WGS_AMQN_CAPTEDRAFT_mRNA173301	OG1	59.0		
Halamb_c48990_g3_i1m.25241	OG1	59.0		
Aque_Aqu2.1.30041_001	OG1	59.0		
Plajan_Pjan_C552169_01	OG1	59.0		
Adig_XM_015924247.1	OG1	59.0		
Nvec_v1g202318	OG1	59.0		
HoiH23_PlH23_003965-RA	OG1	59.0		
Pocdam_XM_027199399.1	OG1	59.0		
Lcom_lcpid253923	OG1	59.0		
TrH2_TrispH2_007173-RA	OG1	59.0		
Skow_XM_002735894.1	OG1	59.0		
Tadh_TriadT51346	OG1	59.0		
Halamb_c48990_g2_i1m.25240	OG1	59.0		
HoiH06_mRNA5969	OG1	59.0		
Fspp_ffun1.m4.16065.m1	OG1	59.0		
Leuniv_Lniv_C749457_01	OG1	59.0		
Scil_scict014930.1	OG1	59.0		
Aaur_scaffold280.g18.t1	OG1	59.0		
Lcom_lcpid64143	OG1	59.0		
Hhon_g06822.t1	OG1	59.0		
Leuniv_Lniv_scaffold24634_01	OG1	59.0		
Skow_XM_002736529.1	OG1	59.0		
Skow_XM_002738567.1	OG1	59.0		
Tetwil_g27238.t1	OG1	59.0		
HoiH04_mRNA13492	OG1	59.0		
Bralan_BLAG05001447_1	OG1	59.0		
Exapal_XM_021044975.2	OG1	59.0		
Bralan_BLAG04001622_1	OG1	59.0		
Gracom_Gcom_C550622_01	OG1	59.0		
Spur_XM_011679401.2	OG1	59.0		
Gasp_gasp1.m3.17246.m1	OG1	59.0		
Adig_XM_015905328.1	OG1	59.0		
Spis_XP_022801351_1	OG1	59.0		
Ctel_gnl_WGS_AMQN_CAPTEDRAFT_mRNA119972	OG2	87.0		
Hsap_ENST00000374847	OG2	87.0		
Dpul_mRNA18607	OG2	87.0		
Hvul_g15011_1	OG2	87.0		
Xesp_015739-T1	OG3	91.0		
Gfas_gfas1.m1.8889.m1	OG3	91.0		
Nvec_v1g81504	OG3	91.0		
Fspp_ffun1.m4.6244.m1	OG3	91.0		
Adig_XM_015906967.1	OG3	91.0		
Fspp_ffun1.m4.6245.m1	OG3	91.0		
Pocdam_XM_027201707.1	OG3	91.0		
Ctel_gnl_WGS_AMQN_CAPTEDRAFT_mRNA143815	OG3	91.0		
Exapal_XM_021045608.2	OG3	91.0		
Acagra_model.g794.t1	OG3	91.0		
Spis_XP_022781568_1	OG3	91.0		
Cgig_XM_034475017.1	OG3	91.0		
Dgig_XM_028549007.1	OG3	91.0		
