gene	orthogroup	orthogroup_support	reference_ortholog	reference_support
Rhoesc_Res_017125-T1	OG0	55.0		
Skow_XM_002730326.2	OG0	55.0		
Spis_XP_022801471_1	OG0	55.0		
Spur_XM_003730535.3	OG0	55.0		
Coeast_Cast_sb792680	OG0	55.0		
Spur_XM_785550.5	OG0	55.0		
Coeast_Cast_sb792688	OG0	55.0		
Plajan_Pjan_C545281_01	OG0	55.0		
Hvul_g20401_1	OG0	55.0		
Spur_XM_775501.3	OG0	55.0		
Chem_TCONS_00030245	OG0	55.0		
Chem_TCONS_00021277	OG0	55.0		
Skow_XM_002730328.2	OG0	55.0		
Coeast_Cast_sb792686	OG0	55.0		
Ocar_g1231	OG0	55.0		
Horcal_Hcv1.av93.c2.g1190.i1	OG0	55.0		
Morvir_scaffold151.g8.t1	OG0	55.0		
Vmul_SimC394546	OG0	55.0		
Ctel_gnl_WGS_AMQN_CAPTEDRAFT_mRNA200929	OG0	55.0		
Coeast_Cast_sb792687	OG0	55.0		
Hvul_g12479_1	OG0	55.0		
Opea_EP00118_Oscarella_pearsei_P026251	OG0	55.0		
Coemet_Cmet_C582424_01	OG0	55.0		
Pocdam_XM_027188029.1	OG0	55.0		
Nemnom_g11658.t1	OG0	55.0		
Aaur_scaffold1523.g6.t1	OG0	55.0		
Exapal_XM_028657766.1	OG1	97.0		
Acagra_model.g3702.t1.1.5d3b82a9	OG1	97.0		
Cgig_XM_034476565.1	OG1	97.0		
Rhoesc_Res_004485-T2	OG1	97.0		
Hvul_g25122_1	OG1	97.0		
Emue_Em0018g62a.t1	OG1	97.0		
Stycar_maker-SC_scaffold171-snap-gene-0.5-mRNA-1	OG1	97.0		
Nemnom_g9673.t1	OG1	97.0		
Stycar_maker-SC_scaffold2906-augustus-gene-0.16-mRNA-1	OG1	97.0		
Dgig_XM_028540813.1	OG1	97.0		
Sanmal_Sma_023834-T1	OG1	97.0		
Dgig_XM_028540574.1	OG1	97.0		
Hvul_g25125_1	OG1	97.0		
Xesp_005005-T1	OG1	97.0		
Spolac_c94307_g2_i1_m.9903c94307-g1	OG1	97.0		
Acagra_model.g29316.t1	OG1	97.0		
Ctel_gnl_WGS_AMQN_CAPTEDRAFT_mRNA98887	OG1	97.0		
Chem_TCONS_00066566	OG1	97.0		
Spolac_c100118_g1_i1_m.21563c100118-g1	OG1	97.0		
Emue_Em0018g60a.t1	OG1	97.0		
Pocdam_XM_027197146.1	OG1	97.0		
Exapal_XM_021040136.2	OG1	97.0		
Adig_XM_015913217.1	OG1	97.0		
Gasp_gasp1.m3.20132.m1	OG1	97.0		
Nvec_v1g136743	OG1	97.0		
Spis_XP_022798882_1	OG1	97.0		
Exapal_XM_021051453.2	OG1	97.0		
Gasp_gasp1.m3.20133.m1	OG1	97.0		
Exapal_XM_021040135.2	OG1	97.0		
Nvec_v1g202690	OG1	97.0		
Nvec_v1g110690	OG1	97.0		
Spis_XP_022798879_1	OG1	97.0		
Nvec_v1g96744	OG1	97.0		
Gasp_gasp1.m3.20131.m1	OG1	97.0		
Gfas_gfas1.m1.8765.m1	OG1	97.0		
Fspp_ffun1.m4.18960.m1	OG1	97.0		
Spis_XP_022798881_1	OG1	97.0		
Chem_TCONS_00011392	OG2	1.0		
Chem_TCONS_00024584	OG3	1.0		
