gene	orthogroup	orthogroup_support	reference_ortholog	reference_support
Xesp_003129-T1	OG0	1.0		
Gasp_gasp1.m3.17620.m1	OG0	1.0		
Morvir_scaffold159.g48.t1	OG0	1.0		
HoiH23_PlH23_000027-RA	OG0	1.0		
Plajan_Pjan_C533261_01	OG0	1.0		
Tcas_TC010660_001	OG0	1.0		
Adig_XM_015896863.1	OG0	1.0		
Bralan_BLAG03001191_1	OG0	1.0		
Cgig_XM_011426291.3	OG0	1.0		
Dpul_mRNA25144	OG0	1.0		
Opea_EP00118_Oscarella_pearsei_P007666	OG0	1.0		
Sanmal_Sma_020549-T1	OG0	1.0		
Spur_XM_030992548.1	OG0	1.0		
Hsap_ENST00000377724	OG0	1.0		
Exapal_XM_021060683.1	OG0	1.0		
Hhon_g09412.t1	OG0	1.0		
Tadh_TriadT53111	OG0	1.0		
Pocdam_XM_027197591.1	OG0	1.0		
Gfas_gfas1.m1.180.m1	OG0	1.0		
HoiH04_mRNA1197	OG0	1.0		
Nvec_v1g157770	OG0	1.0		
HoiH06_mRNA7589	OG0	1.0		
Amil_Amillepora18930-RA	OG0	1.0		
Skow_XM_002737163.1	OG0	1.0		
TrH2_TrispH2_003033-RA	OG0	1.0		
Ctel_gnl_WGS_AMQN_CAPTEDRAFT_mRNA228581	OG0	1.0		
Rhoesc_Res_010436-T1	OG0	1.0		
Spis_XP_022799570_1	OG0	1.0		
Fspp_ffun1.m4.16291.m1	OG0	1.0		
Hvul_g33354_1	OG0	1.0		
Nemnom_g6342.t1	OG0	1.0		
Spur_XM_030986129.1	OG0	1.0		
Acagra_model.g18128.t1_model.g18129.t1	OG0	1.0		
Ocar_g9617	OG0	1.0		
Cscu_XM_023365257.1	OG0	1.0		
Chem_TCONS_00034677	OG0	1.0		
Gracom_Gcom_scaffold14223_01	OG0	1.0		
Spolac_c93997_g1_i1_m.9510c93997-g1	OG0	1.0		
Tetwil_g23412.t1	OG0	1.0		
Halamb_c48662_g1_i1m.24613	OG0	1.0		
Plespi_Pspi_scaffold5961_01	OG0	1.0		
Dgig_XM_028552332.1	OG0	1.0		
Aque_Aqu2.1.42584_001	OG0	1.0		
Tetwil_g11946.t1	OG0	1.0		
Xesp_003130-T1	OG0	1.0		
Emue_Em0018g1120a.t1	OG0	1.0		
Spolac_c89036_g2_i1_m.5379c89036-g2NA	OG0	1.0		
Halamb_c49020_g1_i1mm.2875	OG0	1.0		
