gene	orthogroup	orthogroup_support	reference_ortholog	reference_support
Tcas_TC005716_001	OG0	98.0		
Tcas_TC033356_001	OG0	98.0		
Spis_XP_022791033_1	OG1	98.0		
Adig_XM_015908161.1	OG1	98.0		
Gfas_gfas1.m1.16608.m1	OG1	98.0		
Spolac_c96747_g1_i2_m.13669c96747-g1	OG1	98.0		
Chem_TCONS_00031415	OG1	98.0		
Cscu_XM_023386088.1	OG1	98.0		
Tetwil_g8674.t2	OG1	98.0		
Bralan_BLAG04000924_1	OG1	98.0		
Nemnom_g18409.t1	OG1	98.0		
Dpul_mRNA13627	OG1	98.0		
Aaur_scaffold781.g17.t1	OG1	98.0		
Pocdam_XM_027182985.1	OG1	98.0		
Morvir_scaffold135.g37.t2	OG1	98.0		
Spur_XM_788947.5	OG1	98.0		
Tcas_TC003403_001	OG1	98.0		
Ctel_gnl_WGS_AMQN_CAPTEDRAFT_mRNA114234	OG1	98.0		
Rhoesc_Res_001653-T1	OG1	98.0		
Dgig_XM_028553909.1	OG1	98.0		
Stycar_maker-SC_scaffold942-augustus-gene-0.7-mRNA-1	OG1	98.0		
Sanmal_Sma_026779-T1	OG1	98.0		
Gasp_gasp1.m3.26490.m1	OG1	98.0		
Nvec_v1g134213	OG1	98.0		
Xesp_012267-T1	OG1	98.0		
Cscu_XM_023375521.1	OG1	98.0		
Hsap_ENST00000302550	OG1	98.0		
Hvul_g30099_1	OG1	98.0		
Amil_Amillepora09859-RA	OG1	98.0		
Plespi_Pspi_scaffold10473_01	OG1	98.0		
Cgig_XM_011426231.3	OG1	98.0		
Fspp_ffun1.m4.27847.m1	OG1	98.0		
Emue_Em0019g819a.t1	OG1	98.0		
Skow_XM_002731261.2	OG1	98.0		
Acagra_model.g17785.t1	OG1	98.0		
