gene	orthogroup	orthogroup_support	reference_ortholog	reference_support
Clacor_Ccor_scaffold15166_01	OG0	100.0		
Gasp_gasp1.m3.8904.m1	OG0	100.0		
Plajan_Pjan_C555993_01	OG0	100.0		
Nvec_NVE4827	OG0	100.0		
Spis_XP_022780319_1	OG0	100.0		
Spur_XM_777685.5	OG0	100.0		
Acagra_model.g4015.t1.1.5d3b82f1	OG0	100.0		
Opea_EP00118_Oscarella_pearsei_P025631	OG0	100.0		
Aque_Aqu2.1.43461_001	OG0	100.0		
Dgig_XM_028561525.1	OG0	100.0		
Skow_XM_006821750.1	OG0	100.0		
Aaur_scaffold983.g7.t1	OG0	100.0		
Xestes_augustus_masked-XT_scaffold20553-processed-gene-0.1-mRNA-1	OG0	100.0		
Spolac_c99905_g1_i1_m.20919c99905-g1	OG0	100.0		
Nemnom_g7161.t1	OG0	100.0		
Exapal_XM_021060805.2	OG0	100.0		
Emue_Em0020g350a.t1	OG0	100.0		
Ocar_g7883	OG0	100.0		
Gfas_gfas1.m1.6242.m1	OG0	100.0		
Bralan_BLAG09000369_1	OG0	100.0		
Rhoesc_Res_014464-T1	OG0	100.0		
Xesp_017693-T1	OG0	100.0		
Cscu_XM_023376438.1	OG0	100.0		
Fspp_ffun1.m4.23259.m1	OG0	100.0		
Tetwil_g19341.t1	OG0	100.0		
Tcas_TC031278_001	OG0	100.0		
Pocdam_XM_027196302.1	OG0	100.0		
Dpul_mRNA21480	OG0	100.0		
Adig_XM_015897406.1	OG0	100.0		
Morvir_scaffold319.g14.t1	OG0	100.0		
Stycar_augustus_masked-SC_scaffold61843-processed-gene-0.2-mRNA-1	OG0	100.0		
Cgig_XM_011442099.3	OG0	100.0		
Halamb_c44685_g1_i1m.17846	OG0	100.0		
Sanmal_Sma_012733-T1	OG0	100.0		
Hsap_ENST00000324344	OG0	100.0		
Leuniv_Lniv_C802194_01	OG1	94.0		
Gracom_Gcom_scaffold16115_01	OG1	94.0		
Lcom_lcpid90450	OG1	94.0		
Scil_scict002324.1	OG1	94.0		
Clacor_Ccor_scaffold15141_01	OG1	94.0		
Clacor_Ccor_C538541_01	OG2	1.0		
