gene	orthogroup	orthogroup_support	reference_ortholog	reference_support
Tadh_wf_g1167.t1	OG0	1.0		
Xesp_003925-T1	OG0	1.0		
Opea_EP00118_Oscarella_pearsei_P025563	OG0	1.0		
Cscu_XM_023386539.1	OG0	1.0		
Spis_XP_022796544_1	OG0	1.0		
Nvec_v1g226489	OG0	1.0		
Dgig_XM_028542406.1	OG0	1.0		
Pocdam_XM_027204132.1	OG0	1.0		
Sanmal_Sma_009515-T1	OG0	1.0		
Exapal_XM_021053593.2	OG0	1.0		
Adig_XM_015894195.1	OG0	1.0		
Fspp_ffun1.m4.13347.m1	OG0	1.0		
Bralan_BLAG05000195_1	OG0	1.0		
Morvir_scaffold19.g58.t1	OG0	1.0		
Skow_XM_002732113.1	OG0	1.0		
Gasp_gasp1.m1b.21598.m1	OG0	1.0		
Tcas_TC006817_001	OG0	1.0		
Emue_Em0001g542a.t1	OG0	1.0		
Spur_XM_777942.5	OG0	1.0		
Rhoesc_Res_013660-T1	OG0	1.0		
Nemnom_g17039.t1	OG0	1.0		
Hsap_ENST00000256644	OG0	1.0		
Gfas_gfas1.m1.21167.m1	OG0	1.0		
Cgig_XM_011417665.3	OG0	1.0		
Dpul_mRNA5208	OG0	1.0		
Tetwil_g2757.t1	OG0	1.0		
Gasp_gasp1.m1b.20100.m1	OG0	1.0		
Bralan_BLAG05001441_1	OG0	1.0		
Aaur_scaffold23.g16.t1	OG0	1.0		
Halamb_c31702_g1_i1m.6781	OG0	1.0		
Adig_XM_015907820.1	OG0	1.0		
TrH2_TrispH2_000085-RA	OG0	1.0		
Mlei_ML0975.g10.i1	OG0	1.0		
Hhon_g09944.t1	OG0	1.0		
HoiH04_mRNA16293	OG0	1.0		
