gene	orthogroup	orthogroup_support	reference_ortholog	reference_support
Emue_Em0337g6a.t1	OG0	1.0		
Fspp_ffun1.m4.9840.m1	OG0	1.0		
Horcal_Hcv1.av93.c1.g1651.i1	OG0	1.0		
Tcas_TC010342_001	OG0	1.0		
HoiH04_mRNA14767	OG0	1.0		
Sanmal_Sma_025654-T1	OG0	1.0		
Nemnom_g15926.t1	OG0	1.0		
Hvul_g12569_1	OG0	1.0		
Lcom_lcpid68366	OG0	1.0		
Gasp_gasp1.m3.10343.m1	OG0	1.0		
Chem_TCONS_00016685	OG0	1.0		
Cscu_XM_023379176.1	OG0	1.0		
Cgig_XM_011448214.3	OG0	1.0		
Spur_XM_001175932.4	OG0	1.0		
Nvec_v1g141730	OG0	1.0		
Rhoesc_Res_010741-T1	OG0	1.0		
Amil_Amillepora08744-RA	OG0	1.0		
Pocdam_XM_027194240.1	OG0	1.0		
Pbac_sb2658502	OG0	1.0		
Tadh_TriadT55673	OG0	1.0		
HoiH11_mRNA9419	OG0	1.0		
Spis_XP_022806157_1	OG0	1.0		
Hsap_ENST00000458059	OG0	1.0		
HoiH06_mRNA13146	OG0	1.0		
Morvir_scaffold10.g85.t1	OG0	1.0		
Gfas_gfas1.m1.16626.m1	OG0	1.0		
Dpul_mRNA10194	OG0	1.0		
Dgig_XM_028554257.1	OG0	1.0		
Skow_XM_002732847.2	OG0	1.0		
Hhon_g02594.t1	OG0	1.0		
TrH2_TrispH2_001560-RA	OG0	1.0		
Bralan_BLAG07001237_1	OG0	1.0		
Exapal_XM_021037372.2	OG0	1.0		
Spolac_c96917_g1_i2_m.13967c96917-g1	OG0	1.0		
Tetwil_g6231.t2	OG0	1.0		
Spolac_c96917_g1_i3_m.13968c96917-g1	OG0	1.0		
Aque_Aqu2.1.40899_001	OG0	1.0		
Emue_Em0018g1218a.t1	OG0	1.0		
