gene	orthogroup	orthogroup_support	reference_ortholog	reference_support
Dpul_mRNA6859	OG0	68.0		
Xestes_maker-XT_scaffold27830-snap-gene-0.10-mRNA-1	OG0	68.0		
Aque_Aqu2.1.29100_001	OG0	68.0		
Sanmal_Sma_011642-T1	OG0	68.0		
Aaur_scaffold168.g10.t1	OG0	68.0		
Stycar_maker-SC_scaffold20896-augustus-gene-0.17-mRNA-1	OG0	68.0		
Morvir_scaffold523.g2.t1	OG1	68.0		
Ctel_gnl_WGS_AMQN_CAPTEDRAFT_mRNA118503	OG1	68.0		
Spur_XM_030979752.1	OG1	68.0		
Lcom_lcpid19813	OG1	68.0		
Nvec_v1g13456	OG1	68.0		
Nvec_v1g202346	OG1	68.0		
Xesp_002739-T1	OG1	68.0		
Cgig_XM_011446452.3	OG1	68.0		
Nvec_v1g215872	OG1	68.0		
Nvec_v1g112784	OG1	68.0		
Exapal_XM_021040454.2	OG1	68.0		
Dgig_XM_028549063.1	OG1	68.0		
Skow_XM_002741421.2	OG1	68.0		
Cscu_XM_023367258.1	OG1	68.0		
Nvec_NVE2258	OG1	68.0		
Plespi_Pspi_scaffold11105_01	OG1	68.0		
Exapal_XM_021039203.2	OG1	68.0		
Adig_XM_015916984.1	OG1	68.0		
Nvec_NVE817	OG1	68.0		
Hsap_ENST00000369956	OG1	68.0		
HoiH04_mRNA5575	OG1	68.0		
Gfas_gfas1.m1.15813.m1	OG1	68.0		
Acagra_model.g4948.t1.1.5d3b83c7	OG1	68.0		
HoiH06_mRNA13766	OG1	68.0		
Gasp_gasp1.m3.3133.m1	OG1	68.0		
Tadh_TriadT24236	OG1	68.0		
Pocdam_XM_027187343.1	OG1	68.0		
Bralan_BLAG14000305_1	OG1	68.0		
Fspp_ffun1.m4.7166.m1	OG1	68.0		
TrH2_TrispH2_010313-RA	OG1	68.0		
Eupdun_Edun_sb10693339	OG1	68.0		
Hhon_g03282.t1	OG1	68.0		
Scil_scict025621.1	OG1	68.0		
Spis_XP_022807509_1	OG1	68.0		
HoiH23_PlH23_002038-RA	OG1	68.0		
Leuniv_Lniv_C780465_01	OG1	68.0		
Sanmal_Sma_017150-T1	OG1	68.0		
Rhoesc_Res_012189-T1	OG1	68.0		
Chem_TCONS_00049615	OG1	68.0		
