gene	orthogroup	orthogroup_support	reference_ortholog	reference_support
Bralan_BLAG09000419_1	OG0	99.0		
Skow_XM_002734923.2	OG0	99.0		
Spur_XM_030985250.1	OG1	69.0		
Sanmal_Sma_029063-T1	OG1	69.0		
Spis_XP_022782369_1	OG1	69.0		
Chem_TCONS_00062480	OG1	69.0		
Rhoesc_Res_010781-T1	OG1	69.0		
Fspp_ffun1.m4.32643.m1	OG1	69.0		
Adig_XM_015907913.1	OG1	69.0		
Gfas_gfas1.m1.17519.m1	OG1	69.0		
Hvul_g13664_1	OG1	69.0		
Nvec_v1g93991	OG1	69.0		
Exapal_XM_021053037.2	OG1	69.0		
Amil_Amillepora14037-RA	OG1	69.0		
Pocdam_XM_027200907.1	OG1	69.0		
Gasp_gasp1.m3.14722.m1	OG1	69.0		
Nemnom_g1342.t1	OG1	69.0		
Morvir_scaffold30.g46.t1	OG1	69.0		
Dgig_XM_028539833.1	OG1	69.0		
Skow_XM_002734921.1	OG1	69.0		
Bralan_BLAG09000417_1	OG1	69.0		
Dgig_XM_028539783.1	OG2	25.0		
Nvec_v1g59594	OG2	25.0		
Pocdam_XM_027200905.1	OG2	25.0		
Adig_XM_015907912.1	OG2	25.0		
Gasp_gasp1.m3.14724.m1	OG2	25.0		
Gfas_gfas1.m1.17518.m1	OG2	25.0		
Fspp_ffun1.m4.32642.m1	OG2	25.0		
Spis_XP_022782301_1	OG2	25.0		
Exapal_XM_021053035.2	OG2	25.0		
Amil_Amillepora14036-RA	OG2	25.0		
Cgig_XM_020072491.2	OG2	25.0		
Bralan_BLAG03000753_1	OG3	98.0		
Tetwil_g17658.t2	OG3	98.0		
Stycar_maker-SC_scaffold28312-augustus-gene-0.8-mRNA-1	OG3	98.0		
Xestes_maker-XT_scaffold93567-augustus-gene-0.11-mRNA-1	OG3	98.0		
Emue_Em0003g1862a.t1	OG3	98.0		
Opea_EP00118_Oscarella_pearsei_P027046	OG3	98.0		
Aque_Aqu2.1.28512_001	OG3	98.0		
Ctel_gnl_WGS_AMQN_CAPTEDRAFT_mRNA30032	OG3	98.0		
Cgig_XM_020073998.2	OG3	98.0		
Skow_XM_002734534.1	OG3	98.0		
Spur_XM_030984800.1	OG4	97.0		
Cscu_XM_023376449.1	OG4	97.0		
Acagra_model.g4498.t1	OG4	97.0		
Ctel_gnl_WGS_AMQN_CAPTEDRAFT_mRNA181218	OG4	97.0		
Skow_XM_002734922.1	OG4	97.0		
Bralan_BLAG09000418_1	OG4	97.0		
Hsap_ENST00000316333	OG4	97.0		
Ctel_gnl_WGS_AMQN_CAPTEDRAFT_mRNA29976	OG4	97.0		
Cscu_XM_023358136.1	OG4	97.0		
Tcas_TC005661_001	OG4	97.0		
Cgig_XM_011447294.3	OG4	97.0		
Dpul_mRNA15384	OG4	97.0		
Spur_XM_011668026.2	OG4	97.0		
