gene	orthogroup	orthogroup_support	reference_ortholog	reference_support
Halamb_c51438_g1_i1mm.3981	OG0	1.0		
Tadh_TriadT52499	OG0	1.0		
Hsap_ENST00000567194	OG0	1.0		
Tcas_TC003415_001	OG0	1.0		
Exapal_XM_021042071.2	OG0	1.0		
Hvul_g25060_1	OG0	1.0		
HoiH23_PlH23_000797-RA	OG0	1.0		
Chem_TCONS_00072831	OG0	1.0		
Mlei_ML2100.g33.i1	OG0	1.0		
Pocdam_XM_027182317.1	OG0	1.0		
Morvir_scaffold154.g44.t1	OG0	1.0		
Hhon_g04447.t1	OG0	1.0		
Pbac_sb2659702	OG0	1.0		
HoiH06_mRNA9983	OG0	1.0		
Nemnom_g12407.t1	OG0	1.0		
Horcal_Hcv1.av93.c5.g856.i1	OG0	1.0		
Sanmal_Sma_025221-T1	OG0	1.0		
Spis_XP_022788480_1	OG0	1.0		
Spur_XM_001178443.4	OG0	1.0		
Dpul_mRNA26359	OG0	1.0		
Bralan_BLAG07000521_1	OG0	1.0		
Ctel_gnl_WGS_AMQN_CAPTEDRAFT_mRNA106761	OG0	1.0		
HoiH04_mRNA17971	OG0	1.0		
Hsap_ENST00000379426	OG0	1.0		
Adig_XM_015924521.1	OG0	1.0		
Gasp_gasp1.m3.748.m1	OG0	1.0		
Cscu_XM_023362987.1	OG0	1.0		
Cgig_XM_011424016.3	OG0	1.0		
Nvec_v1g81610	OG0	1.0		
Fspp_ffun1.m4.28108.m1	OG0	1.0		
TrH2_TrispH2_000154-RA	OG0	1.0		
Gfas_gfas1.m1.17956.m1	OG0	1.0		
Acagra_model.g30882.t1.1.5d3b8d28	OG0	1.0		
Hsap_ENST00000561878	OG0	1.0		
Cscu_XM_023362990.1	OG0	1.0		
Chem_TCONS_00055208	OG0	1.0		
Aque_Aqu2.1.26431_001	OG0	1.0		
Halamb_c51438_g2_i3mm.3982	OG0	1.0		
Spolac_c95152_g1_i1_m.11042c95152-g1NA	OG0	1.0		
