gene	orthogroup	orthogroup_support	reference_ortholog	reference_support
Dpul_mRNA30864	OG0	1.0		
Aaur_scaffold227.g6.t1	OG0	1.0		
Sanmal_Sma_015327-T1	OG0	1.0		
Mlei_ML1541.g118.i1	OG0	1.0		
Nvec_v1g247457	OG0	1.0		
Plajan_Pjan_C533687_01	OG0	1.0		
Morvir_scaffold9.g21.t1	OG0	1.0		
Lcom_lcpid128444	OG0	1.0		
Aque_Aqu2.1.42233_001	OG0	1.0		
Halamb_c33458_g1_i1mm.302	OG0	1.0		
Hvul_g22723_1	OG0	1.0		
Adig_XM_015906751.1	OG0	1.0		
Rhoesc_Res_007952-T1	OG0	1.0		
Dgig_XM_028549819.1	OG0	1.0		
Exapal_XM_021039561.1	OG0	1.0		
Fspp_ffun1.m4.29787.m1	OG0	1.0		
Opea_EP00118_Oscarella_pearsei_P026431	OG0	1.0		
Pocdam_XM_027203898.1	OG0	1.0		
Gasp_gasp1.m3.6456.m1	OG0	1.0		
Pbac_sb2643628	OG0	1.0		
Tetwil_g1566.t1	OG0	1.0		
Xesp_015341-T1	OG0	1.0		
Gfas_gfas1.m1.15089.m1	OG0	1.0		
Spolac_c101058_g1_i1_m.24394c101058-g1	OG0	1.0		
Spis_XP_022788654_1	OG0	1.0		
Horcal_Hcv1.av93.c13.g160.i1	OG0	1.0		
Nemnom_g17918.t1	OG0	1.0		
Chem_TCONS_00062327	OG0	1.0		
Amil_Amillepora24045-RA	OG0	1.0		
Tcas_TC000806_001	OG0	1.0		
Cscu_XM_023373873.1	OG0	1.0		
Acagra_model.g17157.t1	OG0	1.0		
Bralan_BLAG14001070_1	OG0	1.0		
Cscu_XM_023379589.1	OG0	1.0		
HoiH04_mRNA1	OG0	1.0		
Spur_XM_030982228.1	OG0	1.0		
HoiH11_mRNA4886	OG0	1.0		
Hsap_ENST00000378045	OG0	1.0		
Skow_XM_006817882.1	OG0	1.0		
Cgig_XM_034473198.1	OG0	1.0		
HoiH06_mRNA9085	OG0	1.0		
HoiH23_PlH23_004903-RA	OG0	1.0		
TrH2_TrispH2_003012-RA	OG0	1.0		
Ctel_gnl_WGS_AMQN_CAPTEDRAFT_mRNA177193	OG0	1.0		
Tadh_TriadT60503	OG0	1.0		
Hhon_g03915.t1	OG0	1.0		
Tcas_TC014240_001	OG0	1.0		
Hsap_ENST00000369498	OG0	1.0		
