gene	orthogroup	orthogroup_support	reference_ortholog	reference_support
Bralan_BLAG04001292_6	OG0	51.0		
Lcom_lcpid155026	OG0	51.0		
Cscu_XM_023373296.1	OG1	51.0		
HoiH23_PlH23_010467-RA	OG1	51.0		
Tadh_TriadT32198	OG1	51.0		
Hvul_g4073_1	OG1	51.0		
Hsap_ENST00000332839	OG1	51.0		
Hvul_g4068_1	OG1	51.0		
Rhoesc_Res_001189-T1	OG1	51.0		
Gasp_gasp1.m3.1973.m1	OG1	51.0		
Sanmal_Sma_026636-T1	OG1	51.0		
Nemnom_g18434.t1	OG1	51.0		
Morvir_scaffold66.g65.t1	OG1	51.0		
TrH2_TrispH2_009772-RA	OG1	51.0		
Lcom_lcpid226123	OG1	51.0		
Plespi_Pspi_C613924_01	OG1	51.0		
HoiH11_mRNA7964	OG1	51.0		
Fspp_ffun1.m4.13175.m1	OG1	51.0		
Spis_XP_022792788_1	OG1	51.0		
Nvec_v1g239709	OG1	51.0		
Xesp_012482-T1	OG1	51.0		
Pocdam_XM_027188620.1	OG1	51.0		
Hhon_g07249.t1	OG1	51.0		
Hsap_ENST00000381269	OG1	51.0		
HoiH06_mRNA13119	OG1	51.0		
Exapal_XM_021059478.2	OG1	51.0		
Dgig_XM_028540091.1	OG1	51.0		
Hsap_ENST00000236877	OG1	51.0		
Chem_TCONS_00004514	OG1	51.0		
Amil_Amillepora16250-RA	OG1	51.0		
HoiH04_mRNA11627	OG1	51.0		
Gfas_gfas1.m1.13790.m1	OG1	51.0		
Adig_XM_015896529.1	OG1	51.0		
Skow_XM_006812316.1	OG1	51.0		
Spur_XM_030999666.1	OG1	51.0		
Acagra_model.g16355.t1_model.g16356.t1.1.5d400d16	OG1	51.0		
Cgig_XM_034467603.1	OG1	51.0		
Spur_XM_030998983.1	OG1	51.0		
Tcas_TC009330_001	OG1	51.0		
Dpul_mRNA13185	OG1	51.0		
Cscu_XM_023360926.1	OG1	51.0		
Ctel_gnl_WGS_AMQN_CAPTEDRAFT_mRNA128764	OG1	51.0		
Dpul_mRNA22907	OG1	51.0		
Cscu_XM_023388789.1	OG1	51.0		
