gene	orthogroup	orthogroup_support	reference_ortholog	reference_support
Stycar_snap_masked-SC_scaffold3654-processed-gene-0.5-mRNA-1	OG0	92.0		
Acagra_model.g4934.t1	OG0	92.0		
Leuniv_Lniv_C780561_01	OG0	92.0		
Nvec_v1g37295	OG0	92.0		
Spis_XP_022780013_1	OG0	92.0		
Rhoesc_Res_014082-T1	OG0	92.0		
Tcas_TC006623_001	OG0	92.0		
Clacor_Ccor_scaffold12099_01	OG0	92.0		
Gracom_Gcom_C548174_01	OG0	92.0		
Skow_XM_002736825.2	OG0	92.0		
Fspp_ffun1.m4.33490.m1	OG0	92.0		
Dgig_XM_028550892.1	OG0	92.0		
Plajan_Pjan_scaffold14756_01	OG0	92.0		
Plajan_Pjan_C548001_01	OG0	92.0		
Spur_XM_001181890.4	OG0	92.0		
Ctel_gnl_WGS_AMQN_CAPTEDRAFT_mRNA229389	OG0	92.0		
Gasp_gasp1.m3.30492.m1	OG0	92.0		
Cgig_XM_011434650.3	OG0	92.0		
Morvir_scaffold156.g18.t1	OG0	92.0		
Exapal_XM_021047147.2	OG0	92.0		
Hsap_ENST00000301717	OG0	92.0		
Sanmal_Sma_012971-T1	OG0	92.0		
Pocdam_XM_027181911.1	OG0	92.0		
Hvul_g31603_1	OG0	92.0		
Chem_TCONS_00073304	OG0	92.0		
Nemnom_g9180.t1	OG0	92.0		
Lcom_lcpid85351	OG0	92.0		
Xesp_016619-T1	OG0	92.0		
Amil_Amillepora14823-RA	OG0	92.0		
Gfas_gfas1.m1.9069.m1	OG0	92.0		
Adig_XM_015898312.1	OG0	92.0		
Emue_Em0020g918a.t1	OG0	92.0		
Halamb_c4671_g1_i1m.718	OG0	92.0		
Tetwil_g6461.t1	OG0	92.0		
Aque_Aqu2.1.28113_001	OG0	92.0		
Xestes_augustus_masked-XT_scaffold1358-processed-gene-0.5-mRNA-1	OG0	92.0		
Bralan_BLAG16000337_1	OG1	99.0		
Cscu_XM_023355441.1	OG1	99.0		
Ctel_gnl_WGS_AMQN_CAPTEDRAFT_mRNA133111	OG1	99.0		
Cgig_XM_011415469.3	OG1	99.0		
Skow_XM_002737527.2	OG1	99.0		
Spur_XM_775568.5	OG1	99.0		
Tcas_TC013469_001	OG1	99.0		
Cscu_XM_023355426.1	OG1	99.0		
Acagra_model.g7504.t1	OG1	99.0		
HoiH04_mRNA15810	OG2	89.0		
Nvec_v1g146814	OG2	89.0		
Lcom_lcpid162953	OG2	89.0		
Spis_XP_022780003_1	OG2	89.0		
Bralan_BLAG09001115_1	OG2	89.0		
Fspp_ffun1.m4.33489.m1	OG2	89.0		
Exapal_XM_021047199.2	OG2	89.0		
Adig_XM_015898314.1	OG2	89.0		
Amil_Amillepora14824-RA	OG2	89.0		
Gasp_gasp1.m3.30488.m1	OG2	89.0		
Nvec_v1g178864	OG2	89.0		
Gfas_gfas1.m1.9071.m1	OG2	89.0		
Pocdam_XM_027181921.1	OG2	89.0		
Cgig_XM_011437328.3	OG2	89.0		
Clacor_Ccor_C536877_01	OG2	89.0		
Tadh_TriadT63704	OG2	89.0		
HoiH06_mRNA4701	OG2	89.0		
HoiH11_mRNA2082	OG2	89.0		
TrH2_TrispH2_009609-RA	OG2	89.0		
Hhon_g00316.t1	OG2	89.0		
HoiH23_PlH23_010098-RA	OG2	89.0		
