gene	orthogroup	orthogroup_support	reference_ortholog	reference_support
Cscu_XM_023377234.1	OG0	80.0		
Lcom_lcpid208756	OG0	80.0		
Lcom_lcpid212926	OG0	80.0		
Lcom_lcpid239582	OG0	80.0		
Tcas_TC010501_001	OG1	17.0		
Lcom_lcpid163128	OG1	17.0		
Mlei_ML1459.g6.i1	OG1	17.0		
Drygla_Dgla_sb297041	OG1	17.0		
Chem_TCONS_00064172	OG1	17.0		
Opea_EP00118_Oscarella_pearsei_P024706	OG1	17.0		
Pbac_sb2651579	OG1	17.0		
Lcom_lcpid116178	OG1	17.0		
Scil_scict014874.1	OG1	17.0		
Hvul_g28311_1	OG1	17.0		
Ocar_g164	OG1	17.0		
Horcal_Hcv1.av93.c13.g109.i1	OG1	17.0		
Tcas_TC013081_001	OG1	17.0		
Dpul_mRNA3647	OG1	17.0		
Lcom_lcpid147357	OG2	35.0		
Aaur_scaffold633.g5.t1	OG2	35.0		
TrH2_TrispH2_004804-RA	OG2	35.0		
Spis_XP_022782567_1	OG2	35.0		
Amil_Amillepora08555-RA	OG2	35.0		
Fspp_ffun1.m4.15510.m1	OG2	35.0		
Tadh_TriadT37293	OG2	35.0		
Gfas_gfas1.m1.15567.m1	OG2	35.0		
Exapal_XM_021055657.2	OG2	35.0		
HoiH06_mRNA12726	OG2	35.0		
Pocdam_XM_027201616.1	OG2	35.0		
Tetwil_g12522.t1	OG2	35.0		
Nvec_v1g178050	OG2	35.0		
Hhon_g02810.t1	OG2	35.0		
Emue_Em0004g205a.t1	OG2	35.0		
Adig_XM_015901062.1	OG2	35.0		
Halamb_c66662_g1_i1m.46485	OG2	35.0		
HoiH23_PlH23_008166-RA	OG2	35.0		
Aque_Aqu2.1.33572_001	OG2	35.0		
Skow_XM_002737432.2	OG2	35.0		
Nemnom_g16621.t1	OG2	35.0		
Dgig_XM_028539069.1	OG2	35.0		
Spur_XM_030990778.1	OG2	35.0		
Sanmal_Sma_006166-T1	OG2	35.0		
HoiH04_mRNA4597	OG2	35.0		
Rhoesc_Res_005401-T1	OG2	35.0		
Adig_XM_015895435.1	OG2	35.0		
Xesp_009522-T1	OG2	35.0		
Morvir_scaffold150.g25.t1	OG2	35.0		
Acagra_model.g19686.t1	OG2	35.0		
Cgig_XM_011458146.3	OG2	35.0		
Bralan_BLAG10000405_1	OG2	35.0		
Hsap_ENST00000233893	OG2	35.0		
Ctel_gnl_WGS_AMQN_CAPTEDRAFT_mRNA179776	OG2	35.0		
