gene	orthogroup	orthogroup_support	reference_ortholog	reference_support
Chem_TCONS_00039499	OG0	61.0		
HoiH23_PlH23_009474-RA	OG0	61.0		
Fspp_ffun1.m4.17010.m1	OG0	61.0		
Fspp_ffun1.m4.17009.m1	OG0	61.0		
Amil_Amillepora24396-RA	OG0	61.0		
Xesp_014139-T1	OG0	61.0		
Spur_XM_030981621.1	OG0	61.0		
Tcas_TC013754_001	OG0	61.0		
Hhon_g07368.t1	OG0	61.0		
HoiH06_mRNA6237	OG0	61.0		
Cscu_XM_023353785.1	OG0	61.0		
Adig_XM_015913562.1	OG0	61.0		
Nvec_v1g246709	OG0	61.0		
HoiH04_mRNA1066	OG0	61.0		
Spis_XP_022797311_1	OG0	61.0		
Nvec_NVE23074	OG0	61.0		
TrH2_TrispH2_006724-RA	OG0	61.0		
Dgig_XM_028549737.1	OG0	61.0		
Bralan_BLAG14000886_1	OG0	61.0		
Gfas_gfas1.m1.3032.m1	OG0	61.0		
Tadh_TriadT51292	OG0	61.0		
Pocdam_XM_027192945.1	OG0	61.0		
Skow_XM_002740160.2	OG0	61.0		
Exapal_XM_021048135.2	OG0	61.0		
Lcom_lcpid94380	OG0	61.0		
Lcom_lcpid239017	OG0	61.0		
Acagra_model.g16892.t1	OG0	61.0		
Hsap_ENST00000636580	OG0	61.0		
Dpul_mRNA27092	OG0	61.0		
Gasp_gasp1.m3.27773.m1	OG0	61.0		
Cscu_XM_023354326.1	OG0	61.0		
Cgig_XM_034473120.1	OG0	61.0		
Ctel_gnl_WGS_AMQN_CAPTEDRAFT_mRNA21484	OG0	61.0		
Lcom_lcpid254738	OG0	61.0		
Nemnom_g5793.t1	OG0	61.0		
Rhoesc_Res_007655-T1	OG0	61.0		
Morvir_scaffold13.g136.t1	OG0	61.0		
Aaur_scaffold2324.g2.t2	OG0	61.0		
Sanmal_Sma_015628-T1	OG0	61.0		
Leuniv_Lniv_scaffold14823_01	OG1	91.0		
Halamb_c44354_g1_i1m.17372	OG1	91.0		
Tetwil_g19527.t1	OG1	91.0		
Emue_Em0021g947a.t1	OG1	91.0		
Plespi_Pspi_scaffold18681_01	OG1	91.0		
Spolac_c95375_g1_i1_m.11400c95375-g1	OG1	91.0		
Stycar_maker-SC_scaffold1530-augustus-gene-0.5-mRNA-1	OG1	91.0		
Halamb_c36055_g1_i1m.9110	OG1	91.0		
Aque_Aqu2.1.42223_001	OG1	91.0		
Gracom_Gcom_scaffold16439_01	OG1	91.0		
Lcom_lcpid24469	OG1	91.0		
Scil_scict022459.1	OG1	91.0		
Scil_scict003682.1	OG1	91.0		
Clacor_Ccor_scaffold11865_01	OG1	91.0		
Lcom_lcpid180744	OG1	91.0		
Lcom_lcpid104757	OG2	1.0		
