gene	orthogroup	orthogroup_support	reference_ortholog	reference_support
Plajan_Pjan_scaffold23012_01	OG0	52.0		
Acagra_model.g15200.t1	OG0	52.0		
Bralan_BLAG07000380_2	OG0	52.0		
Skow_XM_006818389.1	OG0	52.0		
Bralan_BLAG01002588_1	OG0	52.0		
Dpul_mRNA11950	OG0	52.0		
Spur_XM_030992348.1	OG0	52.0		
Cscu_XM_023360870.1	OG0	52.0		
Skow_XM_006818388.1	OG0	52.0		
Cgig_XM_011439539.3	OG0	52.0		
Skow_XM_002736276.2	OG0	52.0		
Bralan_BLAG07000382_1	OG0	52.0		
Hsap_ENST00000301175	OG0	52.0		
Cgig_XM_011439538.3	OG0	52.0		
Ocar_g6914	OG0	52.0		
Opea_EP00118_Oscarella_pearsei_P023469	OG0	52.0		
Opea_EP00118_Oscarella_pearsei_P001535	OG0	52.0		
Opea_EP00118_Oscarella_pearsei_P000153	OG0	52.0		
Ocar_g11116	OG0	52.0		
Opea_EP00118_Oscarella_pearsei_P002204	OG0	52.0		
Leuniv_Lniv_scaffold14814_01	OG1	52.0		
Pocdam_XM_027190122.1	OG1	52.0		
Nemnom_g15047.t1	OG1	52.0		
Morvir_scaffold101.g19.t2	OG1	52.0		
Fspp_ffun1.m4.31678.m1	OG1	52.0		
Aaur_scaffold573.g2.t1	OG1	52.0		
Exapal_XM_021060249.2	OG1	52.0		
Rhoesc_Res_006563-T1	OG1	52.0		
Gfas_gfas1.m1.1072.m1	OG1	52.0		
Fspp_ffun1.m4.6828.m1	OG1	52.0		
Sanmal_Sma_019260-T1	OG1	52.0		
Chem_TCONS_00058229	OG1	52.0		
Adig_XM_015901238.1	OG1	52.0		
Gasp_gasp1.m3.24099.m1	OG1	52.0		
Aaur_scaffold5877.g1.t1	OG1	52.0		
Spis_XP_022789731_1	OG1	52.0		
Xesp_004389-T1	OG1	52.0		
Dgig_XM_028544934.1	OG1	52.0		
Amil_Amillepora22014-RA	OG1	52.0		
Acagra_model.g15201.t1	OG1	52.0		
Hvul_g20775_1	OG1	52.0		
Adig_XM_015918732.1	OG1	52.0		
Nvec_v1g109074	OG1	52.0		
Scil_scict004269.1	OG1	52.0		
Clacor_Ccor_C500549_01	OG1	52.0		
Gracom_Gcom_C531964_01	OG1	52.0		
Lcom_lcpid95870	OG1	52.0		
Lcom_lcpid64761	OG1	52.0		
