gene	orthogroup	orthogroup_support	reference_ortholog	reference_support
Acagra_model.g17071.t1	OG0	1.0		
Halamb_c44412_g2_i2mm.1448	OG0	1.0		
Gfas_gfas1.m1.10060.m1	OG0	1.0		
Morvir_scaffold237.g12.t1	OG0	1.0		
Xesp_021151-T1	OG0	1.0		
Xesp_021152-T1	OG0	1.0		
Nemnom_g17963.t1	OG0	1.0		
Scil_scict010835.1	OG0	1.0		
Dgig_XM_028545861.1	OG0	1.0		
Pocdam_XM_027194106.1	OG0	1.0		
Xesp_014768-T1	OG0	1.0		
Gasp_gasp1.m1b.40856.m1	OG0	1.0		
HoiH23_PlH23_003510-RA	OG0	1.0		
Aaur_scaffold246.g2.t1	OG0	1.0		
Hhon_g03200.t1	OG0	1.0		
Aque_Aqu2.1.42247_001	OG0	1.0		
Spis_XP_022801128_1	OG0	1.0		
Emue_Em0021g851a.t1	OG0	1.0		
Spolac_c92778_g1_i1_m.8168c92778-g1	OG0	1.0		
Nvec_v1g241596	OG0	1.0		
Chem_TCONS_00008938	OG0	1.0		
Aque_Aqu2.1.42248_001	OG0	1.0		
Amil_Amillepora25730-RA	OG0	1.0		
HoiH06_mRNA1660	OG0	1.0		
Sanmal_Sma_015275-T1	OG0	1.0		
Lcom_lcpid116701	OG0	1.0		
Exapal_XM_028661168.1	OG0	1.0		
TrH2_TrispH2_000962-RA	OG0	1.0		
Tetwil_g1564.t1	OG0	1.0		
Adig_XM_015907459.1	OG0	1.0		
Emue_Em0021g850a.t1	OG0	1.0		
Fspp_ffun1.m4.19679.m1	OG0	1.0		
HoiH23_PlH23_003511-RA	OG0	1.0		
Spur_XM_030982633.1	OG0	1.0		
Bralan_BLAG14001118_2	OG0	1.0		
Spur_XM_030981794.1	OG0	1.0		
Skow_XM_006821222.1	OG0	1.0		
Spur_XM_030982411.1	OG0	1.0		
Spur_XM_792790.4	OG0	1.0		
Spur_XM_011668112.2	OG0	1.0		
Cgig_XM_011427648.3	OG0	1.0		
Ctel_gnl_WGS_AMQN_CAPTEDRAFT_mRNA227629	OG0	1.0		
Hsap_ENST00000372273	OG0	1.0		
Bralan_BLAG14001119_1	OG0	1.0		
Ctel_gnl_WGS_AMQN_CAPTEDRAFT_mRNA227627	OG0	1.0		
