gene	orthogroup	orthogroup_support	reference_ortholog	reference_support
Exapal_XM_021061999.2	OG0	63.0		
HoiH23_PlH23_011182-RA	OG0	63.0		
Nvec_v1g247600	OG0	63.0		
HoiH06_mRNA2926	OG0	63.0		
Hhon_g03047.t1	OG0	63.0		
Adig_XM_015918150.1	OG1	63.0		
HoiH11_mRNA4749	OG1	63.0		
Hsap_ENST00000483970	OG1	63.0		
TrH2_TrispH2_002487-RA	OG1	63.0		
Aque_Aqu2.1.22526_001	OG1	63.0		
Halamb_c47427_g2_i5mm.2256	OG1	63.0		
Stycar_maker-SC_scaffold5273-augustus-gene-0.11-mRNA-1	OG1	63.0		
Dpul_mRNA15644	OG1	63.0		
Dgig_XM_028552953.1	OG1	63.0		
Skow_XM_002732679.2	OG1	63.0		
Hhon_g02780.t1	OG1	63.0		
Tadh_TriadT8659	OG1	63.0		
Xesp_001307-T1	OG1	63.0		
HoiH04_mRNA7037	OG1	63.0		
Morvir_scaffold22.g69.t1	OG1	63.0		
Ctel_gnl_WGS_AMQN_CAPTEDRAFT_mRNA225348	OG1	63.0		
Opea_EP00118_Oscarella_pearsei_P007373	OG1	63.0		
Aaur_scaffold284.g9.t1	OG1	63.0		
Tcas_TC013383_001	OG1	63.0		
Dgig_XM_028540747.1	OG1	63.0		
Spolac_c95753_g1_i2_m.11979c95753-g1NA	OG1	63.0		
Cgig_XM_011447054.3	OG1	63.0		
Rhoesc_Res_009639-T1	OG1	63.0		
Opea_EP00118_Oscarella_pearsei_P007372	OG1	63.0		
HoiH23_PlH23_006215-RA	OG1	63.0		
Nemnom_g3408.t1	OG1	63.0		
Cscu_XM_023359624.1	OG1	63.0		
Sanmal_Sma_013762-T1	OG1	63.0		
HoiH06_mRNA9855	OG1	63.0		
Bralan_BLAG02001786_1	OG1	63.0		
Tetwil_g5700.t2	OG1	63.0		
Spur_XM_776713.5	OG1	63.0		
Acagra_model.g9015.t1	OG1	63.0		
Chem_TCONS_00022172	OG1	63.0		
Hvul_g5792_1	OG1	63.0		
Fspp_ffun1.m4.18861.m1	OG1	63.0		
Amil_Amillepora02025-RA	OG1	63.0		
Spis_XP_022785238_1	OG1	63.0		
Gfas_gfas1.m1.21875.m1	OG1	63.0		
Gfas_gfas1.m1.17220.m1	OG1	63.0		
