gene	orthogroup	orthogroup_support	reference_ortholog	reference_support
Chem_TCONS_00029603	OG0	1.0		
HoiH11_mRNA8563	OG0	1.0		
Aque_Aqu2.1.22056_001	OG0	1.0		
Nemnom_g3404.t1	OG0	1.0		
Emue_Em0009g984a.t1	OG0	1.0		
Xesp_009366-T1	OG0	1.0		
Dgig_XM_028557483.1	OG0	1.0		
Hsap_ENST00000295959	OG0	1.0		
Bralan_BLAG05001037_1	OG0	1.0		
Exapal_XM_021049165.2	OG0	1.0		
Spur_XM_003724531.3	OG0	1.0		
Cscu_XM_023378088.1	OG0	1.0		
Dpul_mRNA30139	OG0	1.0		
HoiH04_mRNA1720	OG0	1.0		
Pbac_sb2644382	OG0	1.0		
Fspp_ffun1.m4.16381.m1	OG0	1.0		
Spur_XM_011671047.2	OG0	1.0		
Pocdam_XM_027194456.1	OG0	1.0		
Scil_scict012450.2	OG0	1.0		
Drygla_Dgla_sb301073	OG0	1.0		
Mlei_ML0681.g27.i1	OG0	1.0		
TrH2_TrispH2_002489-RA	OG0	1.0		
Nvec_v1g236602	OG0	1.0		
Rhoesc_Res_009644-T1	OG0	1.0		
Lcom_lcpid78341	OG0	1.0		
Cgig_XM_011416082.3	OG0	1.0		
Skow_XM_006820643.1	OG0	1.0		
Adig_XM_015922926.1	OG0	1.0		
Tcas_TC013240_001	OG0	1.0		
HoiH23_PlH23_006218-RA	OG0	1.0		
HoiH23_PlH23_006217-RA	OG0	1.0		
Hhon_g02778.t1	OG0	1.0		
Spolac_c84142_g1_i2_m.3398c84142-g1	OG0	1.0		
Ctel_gnl_WGS_AMQN_CAPTEDRAFT_mRNA219067	OG0	1.0		
Spis_XP_022784144_1	OG0	1.0		
Opea_EP00118_Oscarella_pearsei_P001151	OG0	1.0		
Morvir_scaffold39.g115.t1	OG0	1.0		
Hvul_g31278_1	OG0	1.0		
