gene	orthogroup	orthogroup_support	reference_ortholog	reference_support
Dgig_XM_028553882.1	OG0	81.0		
Morvir_scaffold36.g58.t1	OG0	81.0		
Sanmal_Sma_027413-T1	OG0	81.0		
Cscu_XM_023361965.1	OG0	81.0		
Hsap_ENST00000336219	OG0	81.0		
Nemnom_g2117.t1	OG0	81.0		
Tcas_TC008695_001	OG0	81.0		
Chem_TCONS_00025580	OG0	81.0		
Hsap_ENST00000313349	OG0	81.0		
Bralan_BLAG04000621_1	OG0	81.0		
Hsap_ENST00000357949	OG0	81.0		
Hvul_g8871_1	OG0	81.0		
Spur_XM_777998.5	OG0	81.0		
Skow_XM_002735131.2	OG0	81.0		
Rhoesc_Res_001039-T1	OG0	81.0		
Dpul_mRNA4432	OG0	81.0		
Hsap_ENST00000322354	OG0	81.0		
Cscu_XM_023376478.1	OG0	81.0		
Acagra_model.g15835.t1	OG0	81.0		
Cgig_XM_011425481.3	OG0	81.0		
Adig_XM_015923685.1	OG1	81.0		
Eupdun_Edun_sb10653662	OG1	81.0		
Eupdun_Edun_sb10653661	OG1	81.0		
Bolinf_Binf_sb1218140	OG1	81.0		
Morvir_scaffold43.g33.t1	OG1	81.0		
Drygla_Dgla_sb308793	OG1	81.0		
Mertsp_Mesp_sb568609	OG1	81.0		
Coeast_Cast_sb776056	OG1	81.0		
Lampan_Lpan_5666_01	OG1	81.0		
Horcal_Hcv1.av93.c7.g225.i1	OG1	81.0		
Mlei_ML0813.g3.i1	OG1	81.0		
Morvir_scaffold36.g61.t1	OG1	81.0		
Coemet_Cmet_scaffold7332_01	OG1	81.0		
Beraby_Baby_sb336944	OG1	81.0		
Beraby_Baby_sb336943	OG1	81.0		
Fspp_ffun1.m4.8506.m1	OG1	81.0		
Gfas_gfas1.m1.16721.m1	OG1	81.0		
Pocdam_XM_027187979.1	OG1	81.0		
Nvec_NVE14735	OG1	81.0		
Gasp_gasp1.m3.21417.m1	OG1	81.0		
Amil_Amillepora16581-RA	OG1	81.0		
Exapal_XM_021046166.2	OG1	81.0		
