gene	orthogroup	orthogroup_support	reference_ortholog	reference_support
Xesp_018740-T1	OG0	1.0		
TrH2_TrispH2_004331-RA	OG0	1.0		
Spolac_c100893_g1_i1_m.23859c100893-g1NA	OG0	1.0		
Cscu_XM_023361426.1	OG0	1.0		
Opea_EP00118_Oscarella_pearsei_P014048	OG0	1.0		
Bralan_BLAG04001879_1	OG0	1.0		
Rhoesc_Res_014181-T1	OG0	1.0		
Morvir_scaffold1.g160.t1	OG0	1.0		
Nemnom_g1375.t1	OG0	1.0		
Skow_XM_006811873.1	OG0	1.0		
Plespi_Pspi_scaffold19498_01	OG0	1.0		
Spolac_c100893_g3_i1_m.23861c100893-g1NA	OG0	1.0		
Plajan_Pjan_scaffold23475_01	OG0	1.0		
Hhon_g06256.t1	OG0	1.0		
Clacor_Ccor_scaffold12579_01	OG0	1.0		
Spolac_c95500_g1_i1_m.11565c100893-g1NA	OG0	1.0		
HoiH04_mRNA1639	OG0	1.0		
Tetwil_g8349.t1	OG0	1.0		
Spolac_c100893_g2_i1_m.23860c100893-g1NA	OG0	1.0		
Acagra_model.g4329.t1	OG0	1.0		
Hvul_g19005_1	OG0	1.0		
Tadh_TriadT55965	OG0	1.0		
Halamb_c45801_g1_i6mm.1771	OG0	1.0		
HoiH23_PlH23_008787-RA	OG0	1.0		
Emue_Em0010g932a.t1	OG0	1.0		
Lcom_lcpid48089	OG0	1.0		
Chem_TCONS_00057516	OG0	1.0		
Spur_XM_030978565.1	OG0	1.0		
Cgig_XM_011446467.3	OG0	1.0		
Sanmal_Sma_012844-T1	OG0	1.0		
HoiH06_mRNA9124	OG0	1.0		
Aque_Aqu2.1.43358_001	OG0	1.0		
Tetwil_g5443.t1	OG0	1.0		
Adig_XM_015904367.1	OG0	1.0		
Xesp_018739-T1	OG0	1.0		
Dgig_XM_028539383.1	OG0	1.0		
Spis_XP_022781739_1	OG0	1.0		
Gfas_gfas1.m1.6059.m1	OG0	1.0		
Fspp_ffun1.m4.9715.m1	OG0	1.0		
Amil_Amillepora13723-RA	OG0	1.0		
Gasp_gasp1.m3.28733.m1	OG0	1.0		
Adig_XM_015904370.1	OG0	1.0		
Pocdam_XM_027193647.1	OG0	1.0		
Exapal_XM_021045576.2	OG0	1.0		
Nvec_NVE23988	OG0	1.0		
