gene	orthogroup	orthogroup_support	reference_ortholog	reference_support
Bralan_BLAG06000331_1	OG0	71.0		
Cscu_XM_023362762.1	OG0	71.0		
Amil_Amillepora27352-RA	OG0	71.0		
Opea_EP00118_Oscarella_pearsei_P007538	OG0	71.0		
Chem_TCONS_00059688	OG0	71.0		
Hvul_g2021_1	OG0	71.0		
TrH2_TrispH2_011135-RA	OG0	71.0		
Tadh_TriadT25752	OG0	71.0		
Rhoesc_Res_004789-T1	OG0	71.0		
Cscu_XM_023361779.1	OG0	71.0		
Nemnom_g17225.t1	OG0	71.0		
Gfas_gfas1.m1.15491.m1	OG0	71.0		
Ctel_gnl_WGS_AMQN_CAPTEDRAFT_mRNA20184	OG0	71.0		
Morvir_scaffold262.g13.t1	OG0	71.0		
Exapal_XM_028657055.1	OG0	71.0		
Morvir_scaffold124.g32.t2	OG0	71.0		
Nvec_v1g238389	OG0	71.0		
Fspp_ffun1.m4.23282.m1	OG0	71.0		
Gasp_gasp1.m3.5481.m1	OG0	71.0		
Lcom_lcpid235556	OG0	71.0		
Dgig_XM_028537646.1	OG0	71.0		
Acagra_model.g13609.t1.1.5d3b8764	OG0	71.0		
Skow_XM_006817123.1	OG0	71.0		
Pocdam_XM_027195392.1	OG0	71.0		
Xesp_021863-T1	OG0	71.0		
Lcom_lcpid153496	OG0	71.0		
Tcas_TC032159_001	OG0	71.0		
Adig_XM_015898129.1	OG0	71.0		
Pocdam_XM_027195386.1	OG0	71.0		
Spis_XP_022788269_1	OG0	71.0		
Sanmal_Sma_023356-T2	OG0	71.0		
Ocar_g4737	OG0	71.0		
Aque_Aqu2.1.34429_001	OG1	60.0		
TrH2_TrispH2_011134-RA	OG1	60.0		
HoiH06_mRNA14692	OG1	60.0		
HoiH23_PlH23_006991-RA	OG1	60.0		
Spur_XM_030980166.1	OG1	60.0		
Bralan_BLAG06000332_1	OG1	60.0		
Hsap_ENST00000233143	OG1	60.0		
Tadh_wf_g5526.t1	OG1	60.0		
HoiH04_mRNA17256	OG1	60.0		
Hhon_g05621.t1	OG1	60.0		
Hvul_g11275_1	OG1	60.0		
Fspp_ffun1.m4.5892.m1	OG2	59.0		
Amil_Amillepora07717-RA	OG2	59.0		
Gfas_gfas1.m1.14794.m1	OG2	59.0		
TrH2_TrispH2_007984-RA	OG3	43.0		
Hsap_ENST00000289373	OG3	43.0		
Hsap_ENST00000380633	OG3	43.0		
Fspp_ffun1.m4.5882.m1	OG3	43.0		
Hsap_ENST00000284856	OG3	43.0		
Hsap_ENST00000620307	OG3	43.0		
Nvec_v1g160811	OG3	43.0		
