gene	orthogroup	orthogroup_support	reference_ortholog	reference_support
Lcom_lcpid191096	OG0	72.0		
Vmul_SimC383536	OG0	72.0		
Vmul_sbMO414101	OG0	72.0		
Mertsp_Mesp_sb550026	OG0	72.0		
Bolinf_Binf_sb1194257	OG0	72.0		
Lampan_Lpan_C411059_01	OG0	72.0		
Mlei_ML0299.g14.i1	OG0	72.0		
Horcal_Hcv1.av93.c5.g842.i1	OG0	72.0		
Eupdun_Edun_sb10677609	OG0	72.0		
Drygla_Dgla_sb285444	OG0	72.0		
Bolinf_Binf_sb1240557	OG0	72.0		
Coeast_Cast_sb781834	OG0	72.0		
Coemet_Cmet_scaffold16535_01	OG0	72.0		
Pbac_sb2642144	OG0	72.0		
Lcom_lcpid167334	OG0	72.0		
Clacor_Ccor_scaffold12641_01	OG1	75.0		
Leuniv_Lniv_scaffold8507_01	OG1	75.0		
Gracom_Gcom_scaffold18969_01	OG1	75.0		
Lcom_lcpid99300	OG1	75.0		
Opea_EP00118_Oscarella_pearsei_P003377	OG2	94.0		
Skow_XM_002736353.2	OG2	94.0		
Spur_XM_785287.5	OG2	94.0		
Xesp_002991-T1	OG2	94.0		
Dgig_XM_028551287.1	OG2	94.0		
Cscu_XM_023386634.1	OG2	94.0		
Cgig_XM_011441144.3	OG2	94.0		
Amil_Amillepora27322-RA	OG2	94.0		
Halamb_c45120_g1_i1m.18476	OG2	94.0		
HoiH23_PlH23_006005-RA	OG2	94.0		
Xestes_maker-XT_scaffold164398-augustus-gene-0.14-mRNA-1	OG2	94.0		
Aque_Aqu2.1.27811_001	OG2	94.0		
Acagra_model.g9424.t1	OG2	94.0		
HoiH06_mRNA9776	OG2	94.0		
Tadh_TriadT50867	OG2	94.0		
Tetwil_g14262.t1	OG2	94.0		
Chem_TCONS_00004486	OG2	94.0		
Lcom_lcpid174928	OG2	94.0		
Hhon_g10938.t1	OG2	94.0		
Ctel_gnl_WGS_AMQN_CAPTEDRAFT_mRNA183711	OG2	94.0		
Dpul_mRNA1011	OG2	94.0		
Spolac_c92053_g1_i2_m.7470c92053-g1	OG2	94.0		
Emue_Em0009g1027a.t1	OG2	94.0		
Hsap_ENST00000215574	OG2	94.0		
Gasp_gasp1.m3.1451.m1	OG2	94.0		
Hvul_g7065_1	OG2	94.0		
Cscu_XM_023371222.1	OG2	94.0		
Pocdam_XM_027190946.1	OG2	94.0		
Morvir_scaffold261.g12.t1	OG2	94.0		
Tcas_TC009432_001	OG2	94.0		
Exapal_XM_021048944.2	OG2	94.0		
Spis_XP_022793896_1	OG2	94.0		
Aaur_scaffold6.g60.t2	OG2	94.0		
HoiH04_mRNA192	OG2	94.0		
TrH2_TrispH2_009256-RA	OG2	94.0		
Adig_XM_015909718.1	OG2	94.0		
Fspp_ffun1.m4.27615.m1	OG2	94.0		
Hsap_ENST00000263228	OG2	94.0		
Bralan_BLAG02001759_1	OG2	94.0		
Nemnom_g3566.t1	OG2	94.0		
Gfas_gfas1.m1.2697.m1	OG2	94.0		
HoiH11_mRNA4571	OG2	94.0		
Rhoesc_Res_009472-T1	OG2	94.0		
Sanmal_Sma_013537-T1	OG2	94.0		
Aque_Aqu2.1.08700_001	OG2	94.0		
Nvec_v1g194815	OG2	94.0		
Ocar_g9697	OG2	94.0		
