gene	orthogroup	orthogroup_support	reference_ortholog	reference_support
Lampan_Lpan_C406753_01	OG0	79.0		
Horcal_Hcv1.av93.c13.g68.i1	OG0	79.0		
Coemet_Cmet_scaffold16689_01	OG0	79.0		
Pbac_sb2638566	OG0	79.0		
Horcal_Hcv1.av93.c5.g1350.i1	OG0	79.0		
Mlei_ML0157.g29.i1	OG0	79.0		
Pbac_sb2638565	OG0	79.0		
Pbac_sb2637944	OG1	100.0		
Coemet_Cmet_scaffold7592_01	OG1	100.0		
Mertsp_Mesp_sb569392	OG1	100.0		
Vmul_sbMO429511	OG1	100.0		
Mertsp_Mesp_sb569393	OG1	100.0		
Drygla_Dgla_sb281763	OG1	100.0		
Vmul_Simscaffold4539_01	OG1	100.0		
Lampan_Lpan_C406931_01	OG1	100.0		
Pbac_sb2669634	OG1	100.0		
Horcal_Hcv1.av93.c5.g61.i1	OG1	100.0		
Clacor_Ccor_scaffold12408_01	OG2	100.0		
Leuniv_Lniv_scaffold16990_01	OG2	100.0		
Lcom_lcpid13156	OG2	100.0		
Gracom_Gcom_scaffold18182_01	OG2	100.0		
Opea_EP00118_Oscarella_pearsei_P006265	OG3	38.0		
Tadh_TriadT30950	OG3	38.0		
Coemet_Cmet_scaffold17500_01	OG3	38.0		
Dgig_XM_028555497.1	OG3	38.0		
Exapal_XM_021060431.2	OG3	38.0		
Acagra_model.g9821.t1	OG3	38.0		
Coeast_Cast_sb779492	OG3	38.0		
Coeast_Cast_sb779494	OG3	38.0		
Gasp_gasp1.m3.15957.m1	OG3	38.0		
Bralan_BLAG02002177_2	OG3	38.0		
HoiH06_mRNA8715	OG3	38.0		
Cscu_XM_023364335.1	OG3	38.0		
Cgig_XM_034469031.1	OG3	38.0		
Hsap_ENST00000327536	OG3	38.0		
Hhon_g11645.t1	OG3	38.0		
Hvul_g25867_1	OG3	38.0		
Gfas_gfas1.m1.23352.m1	OG3	38.0		
Hsap_ENST00000327473	OG3	38.0		
Vmul_sbMO463132	OG3	38.0		
Adig_XM_015908550.1	OG3	38.0		
Rhoesc_Res_009242-T1	OG3	38.0		
Sanmal_Sma_013963-T1	OG3	38.0		
Chem_TCONS_00015841	OG3	38.0		
Aaur_scaffold527.g1.t1	OG3	38.0		
Skow_XM_006823913.1	OG3	38.0		
Hsap_ENST00000368910	OG3	38.0		
Fspp_ffun1.m4.22631.m1	OG3	38.0		
HoiH23_PlH23_003443-RA	OG3	38.0		
TrH2_TrispH2_002926-RA	OG3	38.0		
Spis_XP_022789058_1	OG3	38.0		
Nvec_v1g189527	OG3	38.0		
Pocdam_XM_027200768.1	OG3	38.0		
Dpul_mRNA27999	OG3	38.0		
Hsap_ENST00000513374	OG3	38.0		
Ctel_gnl_WGS_AMQN_CAPTEDRAFT_mRNA209202	OG3	38.0		
Tcas_TC004961_001	OG3	38.0		
Spur_XM_003723781.3	OG3	38.0		
Xesp_002074-T1	OG3	38.0		
Lcom_lcpid241343	OG3	38.0		
Spolac_c102509_g1_i1_m.29658c102509-g1	OG3	38.0		
Halamb_c45376_g1_i1m.18861	OG3	38.0		
Xestes_augustus_masked-XT_scaffold44208-processed-gene-0.1-mRNA-1	OG3	38.0		
Stycar_snap_masked-SC_scaffold47355-processed-gene-0.1-mRNA-1	OG3	38.0		
Lcom_lcpid241443	OG3	38.0		
Aque_Aqu2.1.21263_001	OG3	38.0		
Ocar_g190	OG3	38.0		
Emue_Em0009g1066a.t1	OG3	38.0		
Plespi_Pspi_C592830_01	OG3	38.0		
