gene	orthogroup	orthogroup_support	reference_ortholog	reference_support
Drygla_Dgla_sb295739	OG0	75.0		
Ocar_g5997	OG0	75.0		
Plajan_Pjan_C564894_01	OG0	75.0		
Opea_EP00118_Oscarella_pearsei_P001547	OG0	75.0		
Hsap_ENST00000600377	OG0	75.0		
Coeast_Cast_sb781590	OG1	65.0		
Aque_Aqu2.1.12864_001	OG1	65.0		
Halamb_c51286_g1_i1m.30244	OG1	65.0		
Aque_Aqu2.1.12331_001	OG1	65.0		
Tetwil_g8684.t2	OG1	65.0		
Emue_Em0009g107a.t1	OG1	65.0		
Spolac_c103383_g1_i3_m.33968c103383-g1	OG1	65.0		
Aque_Aqu2.1.23631_001	OG1	65.0		
Tetwil_g24454.t2	OG1	65.0		
Bralan_BLAG07000392_1	OG1	65.0		
Xestes_maker-XT_scaffold303-snap-gene-0.11-mRNA-1	OG1	65.0		
Stycar_maker-SC_scaffold448-snap-gene-0.5-mRNA-1	OG1	65.0		
Plespi_Pspi_scaffold16116_01	OG1	65.0		
Pbac_sb2655881	OG1	65.0		
Mertsp_Mesp_sb550926	OG1	65.0		
Vmul_Simscaffold10738_01	OG1	65.0		
Bolinf_Binf_sb1196940	OG1	65.0		
Lampan_Lpan_C414629_01	OG1	65.0		
Horcal_Hcv1.av93.c2.g850.i1	OG1	65.0		
Mlei_ML0156.g21.i1	OG1	65.0		
Coemet_Cmet_scaffold13045_01	OG1	65.0		
Coeast_Cast_sb781591	OG1	65.0		
Clacor_Ccor_scaffold12133_01	OG2	66.0		
HoiH23_PlH23_009573-RA	OG2	66.0		
Morvir_scaffold216.g27.t1	OG2	66.0		
Spis_XP_022799319_1	OG2	66.0		
Pocdam_XM_027183188.1	OG2	66.0		
Rhoesc_Res_002932-T1	OG2	66.0		
Nvec_v1g240403	OG2	66.0		
Cscu_XM_023367331.1	OG2	66.0		
Hvul_g29442_1	OG2	66.0		
Gasp_gasp1.m3.26779.m1	OG2	66.0		
Tadh_TriadT16335	OG2	66.0		
Aaur_scaffold3276.g1.t1	OG2	66.0		
Tcas_TC009165_003	OG2	66.0		
Hsap_ENST00000646704	OG2	66.0		
Spis_XP_022799308_1	OG2	66.0		
Xesp_026239-T1	OG2	66.0		
Hsap_ENST00000312916	OG2	66.0		
Dgig_XM_028539998.1	OG2	66.0		
Nvec_NVE20387	OG2	66.0		
Gfas_gfas1.m1.9143.m1	OG2	66.0		
Skow_XM_002732711.2	OG2	66.0		
Nvec_v1g225780	OG2	66.0		
Ctel_gnl_WGS_AMQN_CAPTEDRAFT_mRNA223951	OG2	66.0		
Hhon_g08326.t1	OG2	66.0		
Cgig_XM_011452191.3	OG2	66.0		
TrH2_TrispH2_009920-RA	OG2	66.0		
Chem_TCONS_00060946	OG2	66.0		
Dpul_mRNA16021	OG2	66.0		
Nvec_v1g162248	OG2	66.0		
Acagra_model.g8969.t1.1.5d3b85cc	OG2	66.0		
HoiH11_mRNA3557	OG2	66.0		
Spur_XM_030976672.1	OG2	66.0		
Bralan_BLAG02002137_1	OG2	66.0		
Bralan_BLAG02002139_1	OG2	66.0		
Amil_Amillepora01778-RA	OG2	66.0		
HoiH04_mRNA5018	OG2	66.0		
Exapal_XM_021049148.1	OG2	66.0		
Fspp_ffun1.m4.17339.m1	OG2	66.0		
HoiH06_mRNA13720	OG2	66.0		
Sanmal_Sma_008993-T1	OG2	66.0		
Adig_XM_015919687.1	OG2	66.0		
Gracom_Gcom_scaffold4420_01	OG2	66.0		
Leuniv_Lniv_scaffold13208_01	OG2	66.0		
Scil_scict000449.2	OG2	66.0		
Lcom_lcpid52346	OG2	66.0		
