gene	orthogroup	orthogroup_support	reference_ortholog	reference_support
Scil_scict019724.1	OG0	1.0		
Chem_TCONS_00067200	OG0	1.0		
Amil_Amillepora08867-RA	OG0	1.0		
Spis_XP_022806694_1	OG0	1.0		
Dgig_XM_028536567.1	OG0	1.0		
Spur_XM_001199744.4	OG0	1.0		
Gfas_gfas1.m1.14404.m1	OG0	1.0		
Hvul_g12938_1	OG0	1.0		
Cscu_XM_023366424.1	OG0	1.0		
Bralan_BLAG07001148_1	OG0	1.0		
Acagra_model.g28718.t1	OG0	1.0		
Acagra_model.g28718.t1.1.5d3b8c60	OG0	1.0		
Hsap_ENST00000398235	OG0	1.0		
Adig_XM_015921532.1	OG0	1.0		
Skow_XM_002733044.2	OG0	1.0		
Nvec_v1g217793	OG0	1.0		
Tcas_TC003168_001	OG0	1.0		
Fspp_ffun1.m4.13411.m1	OG0	1.0		
Pocdam_XM_027196417.1	OG0	1.0		
Xesp_005525-T1	OG0	1.0		
Gasp_gasp1.m3.13220.m1	OG0	1.0		
Exapal_XM_021054629.2	OG0	1.0		
Cgig_XM_011453389.3	OG0	1.0		
Rhoesc_Res_010839-T1	OG0	1.0		
Nemnom_g18146.t1	OG0	1.0		
Tetwil_g23767.t1	OG0	1.0		
Mlei_ML3517.g30.i1	OG0	1.0		
Tadh_TriadT55593	OG0	1.0		
Sanmal_Sma_025543-T1	OG0	1.0		
Halamb_c35449_g1_i1m.8742	OG0	1.0		
HoiH04_mRNA6620	OG0	1.0		
Hhon_g02511.t1	OG0	1.0		
HoiH06_mRNA2088	OG0	1.0		
Clacor_Ccor_scaffold10962_01	OG0	1.0		
Opea_EP00118_Oscarella_pearsei_P002588	OG0	1.0		
Pbac_sb2656183	OG0	1.0		
Lcom_lcpid130711	OG0	1.0		
Aque_Aqu2.1.44180_001	OG0	1.0		
HoiH23_PlH23_011574-RA	OG0	1.0		
Opea_EP00118_Oscarella_pearsei_P002586	OG0	1.0		
TrH2_TrispH2_003852-RA	OG0	1.0		
