gene	orthogroup	orthogroup_support	reference_ortholog	reference_support
Cscu_XM_023357882.1	OG0	62.0		
Hsap_ENST00000355774	OG0	62.0		
Spis_XP_022804037_1	OG0	62.0		
Gfas_gfas1.m1.10291.m1	OG0	62.0		
Aque_Aqu2.1.17722_001	OG0	62.0		
Ctel_gnl_WGS_AMQN_CAPTEDRAFT_mRNA223782	OG0	62.0		
Nvec_v1g88316	OG0	62.0		
Plespi_Pspi_scaffold16372_01	OG0	62.0		
Cgig_XM_011427594.3	OG0	62.0		
Adig_XM_015912391.1	OG0	62.0		
Exapal_XM_021053734.2	OG0	62.0		
Skow_XM_006811472.1	OG0	62.0		
Emue_Em0010g250a.t1	OG0	62.0		
Spolac_c89742_g1_i1_m.5839c86608-g1	OG0	62.0		
Gasp_gasp1.m3.31902.m1	OG0	62.0		
Gasp_gasp1.m3.9458.m1	OG0	62.0		
Morvir_scaffold128.g46.t1	OG0	62.0		
Spur_XM_030999381.1	OG0	62.0		
Acagra_model.g15444.t1.1.5d3b87f1	OG0	62.0		
Bralan_BLAG04001327_1	OG0	62.0		
Tetwil_g2736.t2	OG0	62.0		
Fspp_ffun1.m4.12145.m1	OG0	62.0		
Pocdam_XM_027199842.1	OG0	62.0		
Spur_XM_030998683.1	OG0	62.0		
Hhon_g06958.t1	OG1	62.0		
Vmul_sbMO405695	OG1	62.0		
Plespi_Pspi_C614632_01	OG1	62.0		
Pbac_sb2655934	OG1	62.0		
Xesp_011805-T1	OG1	62.0		
Pbac_sb2668956	OG1	62.0		
Dgig_XM_028540513.1	OG1	62.0		
Eupdun_Edun_sb10653322	OG1	62.0		
Mertsp_Mesp_sb541680	OG1	62.0		
Mlei_ML0123.g7.i1	OG1	62.0		
Opea_EP00118_Oscarella_pearsei_P028187	OG1	62.0		
Bolinf_Binf_sb1206132	OG1	62.0		
Drygla_Dgla_sb282969	OG1	62.0		
Mertsp_Mesp_sb541679	OG1	62.0		
Horcal_Hcv1.av93.c5.g233.i1	OG1	62.0		
Bolinf_Binf_sb1201530	OG1	62.0		
Ocar_g8698	OG1	62.0		
Coemet_Cmet_C555147_01	OG1	62.0		
Lampan_Lpan_12138_01	OG1	62.0		
Vmul_sbMO443370	OG1	62.0		
Plajan_Pjan_C572084_01	OG1	62.0		
TrH2_TrispH2_000344-RA	OG1	62.0		
HoiH04_mRNA6139	OG1	62.0		
HoiH23_PlH23_000397-RA	OG1	62.0		
Tadh_TriadT59762	OG1	62.0		
Tcas_TC009474_001	OG1	62.0		
