gene	orthogroup	orthogroup_support	reference_ortholog	reference_support
Spis_XP_022797547_1	OG0	39.0		
TrH2_TrispH2_004326-RA	OG0	39.0		
Chem_TCONS_00052832	OG0	39.0		
Dgig_XM_028549635.1	OG0	39.0		
Hhon_g06261.t1	OG0	39.0		
HoiH06_mRNA12928	OG0	39.0		
HoiH23_PlH23_008792-RA	OG0	39.0		
Tadh_TriadT55959	OG0	39.0		
HoiH11_mRNA6432	OG0	39.0		
HoiH04_mRNA8341	OG0	39.0		
Xesp_014342-T1	OG0	39.0		
Nvec_v1g181774	OG0	39.0		
Pocdam_XM_027190359.1	OG0	39.0		
Exapal_XM_021050446.2	OG0	39.0		
Fspp_ffun1.m4.12184.m1	OG0	39.0		
Gasp_gasp1.m3.9161.m1	OG0	39.0		
Gfas_gfas1.m1.20316.m1	OG0	39.0		
Adig_XM_015909586.1	OG0	39.0		
Amil_Amillepora34773-RA	OG0	39.0		
Adig_XM_015894863.1	OG0	39.0		
Morvir_scaffold259.g28.t1	OG1	39.0		
Plajan_Pjan_scaffold20453_01	OG1	39.0		
Opea_EP00118_Oscarella_pearsei_P015901	OG1	39.0		
Tcas_TC032726_001	OG1	39.0		
Skow_XM_006824283.1	OG1	39.0		
Hsap_ENST00000221891	OG1	39.0		
Opea_EP00118_Oscarella_pearsei_P015898	OG1	39.0		
Hsap_ENST00000263574	OG1	39.0		
Dpul_mRNA28116	OG1	39.0		
Acagra_model.g5462.t1_model.g5463.t1	OG1	39.0		
Spur_XM_030978253.1	OG1	39.0		
Ctel_gnl_WGS_AMQN_CAPTEDRAFT_mRNA220772	OG1	39.0		
Ocar_g2970	OG1	39.0		
Cscu_XM_023383130.1	OG1	39.0		
Cgig_XM_034447665.1	OG1	39.0		
Bralan_BLAG04001237_1	OG1	39.0		
Opea_EP00118_Oscarella_pearsei_P024421	OG1	39.0		
Lcom_lcpid70630	OG1	39.0		
Ocar_g10417	OG1	39.0		
Hsap_ENST00000346798	OG1	39.0		
Sanmal_Sma_015442-T1	OG1	39.0		
Hvul_g25762_1	OG1	39.0		
Nemnom_g5764.t1	OG1	39.0		
Chem_TCONS_00053790	OG1	39.0		
Aaur_scaffold2052.g6.t1	OG1	39.0		
Rhoesc_Res_007301-T1	OG1	39.0		
