gene	orthogroup	orthogroup_support	reference_ortholog	reference_support
Cscu_XM_023372453.1	OG0	80.0		
Opea_EP00118_Oscarella_pearsei_P018516	OG0	80.0		
Plajan_Pjan_C542312_01	OG0	80.0		
Clacor_Ccor_C536673_01	OG0	80.0		
Plajan_Pjan_scaffold23425_01	OG0	80.0		
HoiH11_mRNA6352	OG1	80.0		
Pocdam_XM_027184875.1	OG1	80.0		
Hsap_ENST00000445593	OG1	80.0		
Cscu_XM_023356773.1	OG1	80.0		
Skow_XM_002739707.2	OG1	80.0		
Adig_XM_015899438.1	OG1	80.0		
Nvec_v1g116948	OG1	80.0		
Dpul_mRNA25075	OG1	80.0		
Acagra_model.g12287.t1	OG1	80.0		
Spur_XM_030983248.1	OG1	80.0		
Spis_XP_022785764_1	OG1	80.0		
Amil_Amillepora21959-RA	OG1	80.0		
Aaur_scaffold474.g6.t1	OG1	80.0		
Exapal_XM_021057513.2	OG1	80.0		
Chem_TCONS_00018233	OG1	80.0		
Dgig_XM_028550616.1	OG1	80.0		
Bralan_BLAG02000431_1	OG1	80.0		
Fspp_ffun1.m4.16528.m1	OG1	80.0		
Tcas_TC006677_001	OG1	80.0		
Hvul_g4467_1	OG1	80.0		
Gfas_gfas1.m1.13648.m1	OG1	80.0		
Spur_XM_030983257.1	OG1	80.0		
Hsap_ENST00000294507	OG1	80.0		
Xesp_000253-T1	OG1	80.0		
Cgig_XM_011420001.3	OG1	80.0		
Ctel_gnl_WGS_AMQN_CAPTEDRAFT_mRNA159544	OG1	80.0		
Lcom_lcpid91841	OG1	80.0		
Sanmal_Sma_007605-T1	OG1	80.0		
Hsap_ENST00000175091	OG1	80.0		
Nemnom_g9644.t1	OG1	80.0		
Rhoesc_Res_011692-T1	OG1	80.0		
Cscu_XM_023372491.1	OG1	80.0		
HoiH04_mRNA15288	OG1	80.0		
Hhon_g00236.t1	OG1	80.0		
HoiH23_PlH23_003206-RA	OG1	80.0		
Tadh_TriadT57979	OG1	80.0		
TrH2_TrispH2_006484-RA	OG1	80.0		
