gene	orthogroup	orthogroup_support	reference_ortholog	reference_support
Emue_Em0018g575a.t1	OG0	57.0		
Acagra_model.g25511.t1	OG0	57.0		
Skow_XM_006814676.1	OG0	57.0		
Tcas_TC014632_001	OG0	57.0		
Dpul_mRNA3798	OG0	57.0		
Bralan_BLAG09000511_1	OG0	57.0		
Skow_XM_006814689.1	OG0	57.0		
Hsap_ENST00000581777	OG0	57.0		
Cscu_XM_023361935.1	OG0	57.0		
Ctel_gnl_WGS_AMQN_CAPTEDRAFT_mRNA221299	OG0	57.0		
Plespi_Pspi_scaffold17343_01	OG0	57.0		
Tetwil_g23944.t1	OG0	57.0		
Halamb_c42657_g1_i1m.15164	OG0	57.0		
Spolac_c101436_g1_i1_m.25614c101436-g1	OG0	57.0		
Aque_Aqu2.1.28951_001	OG0	57.0		
Stycar_augustus_masked-SC_scaffold7666-processed-gene-0.1-mRNA-1	OG0	57.0		
Bralan_BLAG07001445_1	OG1	57.0		
Gracom_Gcom_C543048_01	OG1	57.0		
Scil_scict018043.1	OG1	57.0		
Plajan_Pjan_C547823_01	OG1	57.0		
Leuniv_Lniv_scaffold21690_01	OG1	57.0		
Lcom_lcpid88058	OG1	57.0		
Clacor_Ccor_C536377_01	OG1	57.0		
Cscu_XM_023356572.1	OG1	57.0		
Pocdam_XM_027192199.1	OG1	57.0		
Nvec_v1g246275	OG1	57.0		
Gasp_gasp1.m1b.10025.m1	OG1	57.0		
Cscu_XM_023388138.1	OG2	70.0		
Rhoesc_Res_013852-T1	OG2	70.0		
Amil_Amillepora04499-RA	OG2	70.0		
Spis_XP_022783593_1	OG2	70.0		
Morvir_scaffold641.g8.t1	OG2	70.0		
Gasp_gasp1.m3.25142.m1	OG2	70.0		
Fspp_ffun1.m4.16675.m1	OG2	70.0		
Pocdam_XM_027187040.1	OG2	70.0		
Nvec_v1g242776	OG2	70.0		
Aaur_scaffold984.g2.t1	OG2	70.0		
Gfas_gfas1.m1.16988.m1	OG2	70.0		
Sanmal_Sma_026810-T1	OG2	70.0		
Exapal_XM_021056778.2	OG2	70.0		
Adig_XM_015911110.1	OG2	70.0		
Chem_TCONS_00014152	OG2	70.0		
Tcas_TC009812_001	OG2	70.0		
Cgig_XM_011438990.3	OG2	70.0		
Bralan_BLAG08000298_1	OG2	70.0		
Skow_XM_006811979.1	OG2	70.0		
Xesp_020550-T1	OG2	70.0		
Ctel_gnl_WGS_AMQN_CAPTEDRAFT_mRNA229275	OG2	70.0		
Hsap_ENST00000382998	OG2	70.0		
Spur_XM_003726602.3	OG2	70.0		
