annot	freq_in_fg	freq_in_bg	total_annot_in_fg	total_annot_in_bg	pval	pval_adj
7tm_1	9	750	16	15396	1.23840096410199e-08	8.66880674871391e-08
SSB	1	1	16	15396	0.00103923096908287	0.00363730839179005
Ras	2	72	16	15396	0.00248064538641285	0.00434112942622249
TAFH	1	2	16	15396	0.00207744937145304	0.00434112942622249
zf-MYND	1	8	16	15396	0.00828554739925413	0.0115997663589558
SET	1	18	16	15396	0.0185519837950496	0.0216439810942246
zf-C2H2	1	35	16	15396	0.0357765933192268	0.0357765933192268
