annot	freq_in_fg	freq_in_bg	total_annot_in_fg	total_annot_in_bg	pval	pval_adj
7tm_1	7	679	14	15756	7.04924204559057e-07	5.63939363647246e-06
GATA	1	3	14	15756	0.00266345221720843	0.0106538088688337
PID	1	8	14	15756	0.0070879055250973	0.0189010814002595
Ependymin	1	11	14	15756	0.00973382178134796	0.0194676435626959
RhoGAP	1	24	14	15756	0.0211239796456633	0.0337983674330612
BACK	1	29	14	15756	0.0254723242050385	0.0339630989400514
PDZ	1	39	14	15756	0.0341152553672247	0.0389888632768282
LRR_8	1	122	14	15756	0.103153098585404	0.103153098585404
