annot	freq_in_fg	freq_in_bg	total_annot_in_fg	total_annot_in_bg	pval	pval_adj
7tm_1	8	708	15	14971	1.15200878884525e-07	9.21607031076202e-07
LANC_like	1	2	15	14971	0.00200293714139888	0.00400587428279775
Sec2p	1	1	15	14971	0.00100193707835117	0.00400587428279775
SSB	1	2	15	14971	0.00200293714139888	0.00400587428279775
EF-hand_5	1	12	15	14971	0.0119615806351872	0.0191385290162994
RabGAP-TBC	1	27	15	14971	0.0267257775858371	0.0356343701144494
EF-hand_7	1	57	15	14971	0.0556384919998232	0.0635868479997979
Ras	1	71	15	14971	0.0688549323847634	0.0688549323847634
