annot	freq_in_fg	freq_in_bg	total_annot_in_fg	total_annot_in_bg	pval	pval_adj
BK_channel_a	1	4	2	32841	0.000243586815016683	0.000487173630033366
Ion_trans	1	107	2	32841	0.00650572846447517	0.00650572846447517
