annot	freq_in_fg	freq_in_bg	total_annot_in_fg	total_annot_in_bg	pval	pval_adj
CH	2	32	6	14971	6.60401640099804e-05	0.000330200820049902
VASt	1	1	6	14971	0.000400774831340378	0.00100193707835095
Calponin	1	2	6	14971	0.000801415803352024	0.00133569300558671
GRAM	1	5	6	14971	0.00200253592107358	0.00250316990134197
Tetraspanin	1	21	6	14971	0.00838820852991295	0.00838820852991295
