annot	freq_in_fg	freq_in_bg	total_annot_in_fg	total_annot_in_bg	pval	pval_adj
DAG_kinase_N	1	3	9	32841	0.000821942788668095	0.00369874254900643
ETS_PEA3_N	1	3	9	32841	0.000821942788668095	0.00369874254900643
DAGK_acc	1	10	9	32841	0.00273747437328142	0.00562726256781556
DAGK_cat	1	15	9	32841	0.00410371198991588	0.00562726256781556
G-alpha	1	16	9	32841	0.00437675977496765	0.00562726256781556
GSHPx	1	8	9	32841	0.00219051300553552	0.00562726256781556
HSP70	1	13	9	32841	0.00355741672413634	0.00562726256781556
Ets	1	28	9	32841	0.00764814664115665	0.00860416497130123
C1_1	1	50	9	32841	0.0136208821666404	0.0136208821666404
